CREATE DATABASE  IF NOT EXISTS `butterflower` /*!40100 DEFAULT CHARACTER SET utf8mb4 COLLATE utf8mb4_0900_ai_ci */ /*!80016 DEFAULT ENCRYPTION='N' */;
USE `butterflower`;
-- MySQL dump 10.13  Distrib 8.0.41, for Win64 (x86_64)
--
-- Host: localhost    Database: butterflower
-- ------------------------------------------------------
-- Server version	9.2.0

/*!40101 SET @OLD_CHARACTER_SET_CLIENT=@@CHARACTER_SET_CLIENT */;
/*!40101 SET @OLD_CHARACTER_SET_RESULTS=@@CHARACTER_SET_RESULTS */;
/*!40101 SET @OLD_COLLATION_CONNECTION=@@COLLATION_CONNECTION */;
/*!50503 SET NAMES utf8 */;
/*!40103 SET @OLD_TIME_ZONE=@@TIME_ZONE */;
/*!40103 SET TIME_ZONE='+00:00' */;
/*!40014 SET @OLD_UNIQUE_CHECKS=@@UNIQUE_CHECKS, UNIQUE_CHECKS=0 */;
/*!40014 SET @OLD_FOREIGN_KEY_CHECKS=@@FOREIGN_KEY_CHECKS, FOREIGN_KEY_CHECKS=0 */;
/*!40101 SET @OLD_SQL_MODE=@@SQL_MODE, SQL_MODE='NO_AUTO_VALUE_ON_ZERO' */;
/*!40111 SET @OLD_SQL_NOTES=@@SQL_NOTES, SQL_NOTES=0 */;

--
-- Table structure for table `albums`
--

DROP TABLE IF EXISTS `albums`;
/*!40101 SET @saved_cs_client     = @@character_set_client */;
/*!50503 SET character_set_client = utf8mb4 */;
CREATE TABLE `albums` (
  `id` int NOT NULL AUTO_INCREMENT,
  `title` varchar(255) NOT NULL,
  `artist` varchar(255) NOT NULL,
  `cover_url` varchar(255) DEFAULT NULL,
  `release_year` int DEFAULT NULL,
  `genre` varchar(255) DEFAULT NULL,
  PRIMARY KEY (`id`)
) ENGINE=InnoDB AUTO_INCREMENT=56 DEFAULT CHARSET=utf8mb4 COLLATE=utf8mb4_0900_ai_ci;
/*!40101 SET character_set_client = @saved_cs_client */;

--
-- Dumping data for table `albums`
--

LOCK TABLES `albums` WRITE;
/*!40000 ALTER TABLE `albums` DISABLE KEYS */;
INSERT INTO `albums` VALUES (2,'Abbey Road','The Beatles','https://m.media-amazon.com/images/I/61Nf4UVtDkL._SY300_SX300_QL70_FMwebp_.jpg',1969,'Rock'),(3,'Lemonade','Beyoncé','https://upload.wikimedia.org/wikipedia/en/5/53/Beyonce_-_Lemonade_%28Official_Album_Cover%29.png',2016,'Pop'),(4,'Thriller','Michael Jackson','https://upload.wikimedia.org/wikipedia/en/5/55/Michael_Jackson_-_Thriller.png',1982,'Pop'),(5,'Nevermind','Nirvana','https://upload.wikimedia.org/wikipedia/en/b/b7/NirvanaNevermindalbumcover.jpg',1991,'Rock'),(6,'Back To Black','Amy Winehouse','https://m.media-amazon.com/images/I/71YhebDzEtL._UF1000,1000_QL80_.jpg',2006,'Soul'),(7,'To Pimp a Butterfly','Kendrick Lamar','https://m.media-amazon.com/images/I/81015y0a1hL._UF1000,1000_QL80_.jpg',2015,'Hip-Hop'),(8,'A Rush of Blood to the Head','Coldplay','https://m.media-amazon.com/images/I/71ag0NTZyvL._UF1000,1000_QL80_.jpg',2002,'Rock'),(10,'Lateralus','Tool','https://i.ebayimg.com/images/g/JaYAAOSwsJJiOI-d/s-l1200.jpg',2001,'Metal'),(11,'Melodrama','Lorde','https://m.media-amazon.com/images/I/51Ti1Xc5I+L._SY300_SX300_QL70_FMwebp_.jpg',2017,'Pop'),(12,'Good Kid, M.A.A.D City','Kendrick Lamar','https://upload.wikimedia.org/wikipedia/en/thumb/9/93/KendrickGKMC.jpg/250px-KendrickGKMC.jpg',2012,'Hip-Hop'),(14,'DON\'T TAP THE GLASS','Tyler, The Creator','https://m.media-amazon.com/images/I/31sDbu7nBBL._UXNaN_FMjpg_QL85_.jpg',2025,'Hip-hop'),(16,'Starboy','The Weeknd','https://upload.wikimedia.org/wikipedia/en/3/39/The_Weeknd_-_Starboy.png',2016,'Pop'),(17,'All Eyez on Me','2Pac','https://upload.wikimedia.org/wikipedia/en/1/16/Alleyezonme.jpg',1996,'Hip-Hop'),(18,'Utopia','Travis Scott','https://upload.wikimedia.org/wikipedia/en/2/23/Travis_Scott_-_Utopia.png',2023,'Hip-Hop'),(19,'ALBUM','Yuno Miles','https://upload.wikimedia.org/wikipedia/commons/thumb/5/54/Yuno_Miles_-_Album_cover.png/1200px-Yuno_Miles_-_Album_cover.png?20251129212453',2025,'Brainrot'),(20,'Hardstone Psycho','Don Toliver','https://upload.wikimedia.org/wikipedia/en/2/21/Don_Toliver_-_Hardstone_Psycho.png',2024,'Hip-Hop'),(21,'Lyfë','Yeat','https://upload.wikimedia.org/wikipedia/en/4/48/Lyf%C3%AB.jpeg',2022,'Hip-Hop'),(22,'For All The Dogs','Drake','https://upload.wikimedia.org/wikipedia/en/0/05/Drake_-_For_All_The_Dogs.png',2023,'Hip-Hop'),(23,'Scorpion','Drake','https://upload.wikimedia.org/wikipedia/en/9/90/Scorpion_by_Drake.jpg',2018,'Hip-Hop'),(26,'MEGA BBL','Theodora','https://cdn-images.dzcdn.net/images/cover/2cbdbb8b019e500873b3885c950c0c6a/1000x1000-000000-80-0-0.jpg',2025,'Rap/Hip Hop'),(27,'BAD BOY LOVESTORY','Theodora','https://cdn-images.dzcdn.net/images/cover/dc4173f85c09ebde4973fccbc4a075f0/1000x1000-000000-80-0-0.jpg',2025,'Rap/Hip Hop'),(28,'Neptune','Theodora','https://cdn-images.dzcdn.net/images/cover/e4daf33fd01eb52226836f193c017485/1000x1000-000000-80-0-0.jpg',2021,'Rap/Hip Hop'),(29,'Lili Aux Paradis Artificiels : Tome 2','Theodora','https://cdn-images.dzcdn.net/images/cover/8b61cf5c53603acceea522fb2f0938a8/1000x1000-000000-80-0-0.jpg',2023,'Rap/Hip Hop'),(30,'Lili Aux Paradis Artificiels','Theodora','https://cdn-images.dzcdn.net/images/cover/d407e01401f9114ece897561332a6b24/1000x1000-000000-80-0-0.jpg',2023,'Rap/Hip Hop'),(44,'CHROMAKOPIA +','Tyler, The Creator','https://cdn-images.dzcdn.net/images/cover/4454ed4508571664bc7a59fd931acf2c/1000x1000-000000-80-0-0.jpg',2024,'Rap/Hip Hop'),(46,'CALL ME IF YOU GET LOST: The Estate Sale','Tyler, The Creator','https://cdn-images.dzcdn.net/images/cover/40b4545c7f373fb519dfcc9092c2ccf6/1000x1000-000000-80-0-0.jpg',2023,'Rap/Hip Hop'),(48,'IGOR','Tyler, The Creator','https://cdn-images.dzcdn.net/images/cover/041ab5ceb6fb6ebf9512966835be9e1b/1000x1000-000000-80-0-0.jpg',2019,'Rap/Hip Hop'),(49,'Flower Boy','Tyler, The Creator','https://cdn-images.dzcdn.net/images/cover/a7a16b8f63b1ec0e9fbd327619966737/1000x1000-000000-80-0-0.jpg',2017,'Rap/Hip Hop'),(50,'Cherry Bomb + Instrumentals','Tyler, The Creator','https://cdn-images.dzcdn.net/images/cover/b3b7c63cc6d67688fe9c2f56b62f2197/1000x1000-000000-80-0-0.jpg',2018,'Rap/Hip Hop'),(52,'Wolf','Tyler, The Creator','https://cdn-images.dzcdn.net/images/cover/243cc17e7688cb2f9739120ae4eb9912/1000x1000-000000-80-0-0.jpg',2013,'Rap/Hip Hop'),(54,'Goblin','Tyler, The Creator','https://cdn-images.dzcdn.net/images/cover/65d4a36d03918097176d42f8f55900af/1000x1000-000000-80-0-0.jpg',2011,'Rap/Hip Hop'),(55,'Music Inspired by Illumination & Dr. Seuss\' The Grinch','Tyler, The Creator','https://cdn-images.dzcdn.net/images/cover/6c23a4161be01dd7aa16454f285598d4/1000x1000-000000-80-0-0.jpg',2018,'Rap/Hip Hop');
/*!40000 ALTER TABLE `albums` ENABLE KEYS */;
UNLOCK TABLES;

--
-- Table structure for table `chansons`
--

DROP TABLE IF EXISTS `chansons`;
/*!40101 SET @saved_cs_client     = @@character_set_client */;
/*!50503 SET character_set_client = utf8mb4 */;
CREATE TABLE `chansons` (
  `id` int NOT NULL AUTO_INCREMENT,
  `titre` varchar(255) DEFAULT NULL,
  `album_id` int DEFAULT NULL,
  `deezer_id` varchar(255) DEFAULT NULL,
  `duree` varchar(10) DEFAULT NULL,
  `url_audio` varchar(500) DEFAULT NULL,
  `deezer_preview_url` varchar(500) DEFAULT NULL,
  `paroles` text,
  PRIMARY KEY (`id`),
  KEY `album_id` (`album_id`),
  CONSTRAINT `chansons_ibfk_1` FOREIGN KEY (`album_id`) REFERENCES `albums` (`id`)
) ENGINE=InnoDB AUTO_INCREMENT=545 DEFAULT CHARSET=utf8mb4 COLLATE=utf8mb4_0900_ai_ci;
/*!40101 SET character_set_client = @saved_cs_client */;

--
-- Dumping data for table `chansons`
--

LOCK TABLES `chansons` WRITE;
/*!40000 ALTER TABLE `chansons` DISABLE KEYS */;
INSERT INTO `chansons` VALUES (1,'Wanna Be Startin\' Somethin\'',4,'831216','6:03','https://open.spotify.com/embed/track/1hu2s7qkm5bo03eODpRQO3?utm_source=generator','https://cdnt-preview.dzcdn.net/api/1/1/0/8/3/0/083d0d153a1005e529732c857e87c2b5.mp3?hdnea=exp=1764916169~acl=/api/1/1/0/8/3/0/083d0d153a1005e529732c857e87c2b5.mp3*~data=user_id=0,application_id=42~hmac=3f3d0997b6a544b4ff74f93f3f642f24e653ca73050ebc962af8d60a6e90afd9','You wanna be startin somethin'),(2,'Baby Be Mine',4,'831289','4:20','https://open.spotify.com/embed/track/6XYbMGvtl6tlPoGWaiH7EY?utm_source=generator','https://cdnt-preview.dzcdn.net/api/1/1/3/0/4/0/3048781b11102865fa4c55b273e93a80.mp3?hdnea=exp=1764916170~acl=/api/1/1/3/0/4/0/3048781b11102865fa4c55b273e93a80.mp3*~data=user_id=0,application_id=42~hmac=b8f0da333281093015a717f7983b0024e12ece0a071f902f14027cdf2c830f1c','The doggone girl is mine'),(3,'The Girl Is Mine',4,'831298','3:42','https://open.spotify.com/embed/track/4IT6vDuKprKl6jyVndlY8V?utm_source=generator','https://cdnt-preview.dzcdn.net/api/1/1/4/5/0/0/4502ef8b9064c79a6237009adcbbcae8.mp3?hdnea=exp=1764916171~acl=/api/1/1/4/5/0/0/4502ef8b9064c79a6237009adcbbcae8.mp3*~data=user_id=0,application_id=42~hmac=a21cd1de04e841f8a7ff764f628c0eeea1a9723f32afe32fc2b1cc94f435209b','The girl is mine'),(4,'Thriller',4,'555639','5:57','https://open.spotify.com/embed/track/2LlQb7Uoj1kKyGhlkBf9aC?utm_source=generator','https://cdnt-preview.dzcdn.net/api/1/1/3/8/3/0/3832b349ee4d8b66f6022bc99dcca300.mp3?hdnea=exp=1764916171~acl=/api/1/1/3/8/3/0/3832b349ee4d8b66f6022bc99dcca300.mp3*~data=user_id=0,application_id=42~hmac=5b366b148d4e4c7f01c0246d067529ee73582fc7abe55b69629fd1983dc76a3f','Cause this is thriller'),(5,'Beat It',4,'4763165','4:18','https://open.spotify.com/embed/track/3BovdzfaX4jb5KFQwoPfAw?utm_source=generator','https://cdnt-preview.dzcdn.net/api/1/1/1/7/2/0/1726d9ef2d75c2d3adfb4f82a06ab589.mp3?hdnea=exp=1764916172~acl=/api/1/1/1/7/2/0/1726d9ef2d75c2d3adfb4f82a06ab589.mp3*~data=user_id=0,application_id=42~hmac=1327ed9ccf7d69c0dcdc45d9b44f8181cfb249cab52f51d2b3e78a55a27e4c42','Just beat it'),(6,'Billie Jean',4,'4603408','4:54','https://open.spotify.com/embed/track/7J1uxwnxfQLu4APicE5Rnj?utm_source=generator','https://cdnt-preview.dzcdn.net/api/1/1/e/6/e/0/e6e0f8717b1e6353e2abf797c6849889.mp3?hdnea=exp=1764916172~acl=/api/1/1/e/6/e/0/e6e0f8717b1e6353e2abf797c6849889.mp3*~data=user_id=0,application_id=42~hmac=f3753942f14d0af1f4dbb8977343bbe32572d267300c65636c103d419738ebc7','Billie Jean is not my lover'),(7,'Human Nature',4,'4603399','4:06','https://open.spotify.com/embed/track/4cgjA7B4fJBHyB9Ya2bu0t?utm_source=generator','https://cdnt-preview.dzcdn.net/api/1/1/2/a/1/0/2a14919bc14638265aadf5d5bfd91894.mp3?hdnea=exp=1764916173~acl=/api/1/1/2/a/1/0/2a14919bc14638265aadf5d5bfd91894.mp3*~data=user_id=0,application_id=42~hmac=94f9198174d653926d4356b03a3588174074f9d99988ea8bcca7415747f7dc7d','If they say why why'),(8,'P.Y.T. (Pretty Young Thing)',4,'555643','3:59','https://open.spotify.com/embed/track/1CgmY8fVN7kstVDZmsdM5k?utm_source=generator','https://cdnt-preview.dzcdn.net/api/1/1/f/e/1/0/fe1457168c32d749da5089dca9ad6034.mp3?hdnea=exp=1764916174~acl=/api/1/1/f/e/1/0/fe1457168c32d749da5089dca9ad6034.mp3*~data=user_id=0,application_id=42~hmac=9f8333fc819e76875d6c9c143403d3454c50e22651f7088ddfd97f9d949a14dd','Pretty young thing'),(9,'The Lady in My Life',4,'831190','4:59','https://open.spotify.com/embed/track/07L1pzoVerhRSSaDGZHrKy?utm_source=generator','https://cdnt-preview.dzcdn.net/api/1/1/0/a/2/0/0a2cf4a4304f6a145f4947b904bce821.mp3?hdnea=exp=1764916174~acl=/api/1/1/0/a/2/0/0a2cf4a4304f6a145f4947b904bce821.mp3*~data=user_id=0,application_id=42~hmac=9e339deefba56a20bbddd5ebae7a8b208ab1d658cfaaa47a68c5252f1e5d56fb','She is the one'),(10,'Big Poe (feat. Sk8brd)',14,'3470152931','3:25','https://open.spotify.com/embed/track/bigpoe_dummy_id','https://cdnt-preview.dzcdn.net/api/1/1/c/f/f/0/cff14b47e9d39cf27796b5fa1bd64288.mp3?hdnea=exp=1764916175~acl=/api/1/1/c/f/f/0/cff14b47e9d39cf27796b5fa1bd64288.mp3*~data=user_id=0,application_id=42~hmac=a36eb8e408c5a34a4f66794d194dc73d50c7d27487c811d77d560225974c0174',NULL),(11,'Sugar On My Tongue',14,'3470152941','2:33','https://open.spotify.com/embed/track/sugar_dummy_id','https://cdnt-preview.dzcdn.net/api/1/1/2/f/d/0/2fd3ba3b1617860c6e8d856b96a44bb7.mp3?hdnea=exp=1764916175~acl=/api/1/1/2/f/d/0/2fd3ba3b1617860c6e8d856b96a44bb7.mp3*~data=user_id=0,application_id=42~hmac=c9cd6ee18eac0670394d3e27c7293082b896ea858241250e8cf7546f5d4ae465',NULL),(12,'Sucka Free',14,'3470152951','2:41','https://open.spotify.com/embed/track/sucka_dummy_id','https://cdnt-preview.dzcdn.net/api/1/1/4/b/d/0/4bdd41d904a54b48c0147e262492dc50.mp3?hdnea=exp=1764916176~acl=/api/1/1/4/b/d/0/4bdd41d904a54b48c0147e262492dc50.mp3*~data=user_id=0,application_id=42~hmac=58279fb1255c8f77fa4f49245a8cbf60f8a308d791a9804ee8be7290fdd8ba30',NULL),(13,'Mommanem',14,'3470152961','1:15','https://open.spotify.com/embed/track/momma_dummy_id','https://cdnt-preview.dzcdn.net/api/1/1/8/0/b/0/80b7d26382efa412a2779c33c566df8e.mp3?hdnea=exp=1764916176~acl=/api/1/1/8/0/b/0/80b7d26382efa412a2779c33c566df8e.mp3*~data=user_id=0,application_id=42~hmac=069433a41c51675f667bb2e3d85059d6054233d301df57a247a7fbdf416e669c',NULL),(14,'Stop Playing With Me',14,'3470152971','2:13','https://open.spotify.com/embed/track/stop_dummy_id','https://cdnt-preview.dzcdn.net/api/1/1/1/0/3/0/103d2095452ca4f2b65bf176a9255e6f.mp3?hdnea=exp=1764916177~acl=/api/1/1/1/0/3/0/103d2095452ca4f2b65bf176a9255e6f.mp3*~data=user_id=0,application_id=42~hmac=6ec94c680fcb5f7369b53e1af05d125a5c5581b59d300b5461dd6013175775b6',NULL),(15,'Ring Ring Ring',14,'3470152981','3:21','https://open.spotify.com/embed/track/ring_dummy_id','https://cdnt-preview.dzcdn.net/api/1/1/a/c/2/0/ac21737744b9601d90b08ce8efbcc09a.mp3?hdnea=exp=1764916177~acl=/api/1/1/a/c/2/0/ac21737744b9601d90b08ce8efbcc09a.mp3*~data=user_id=0,application_id=42~hmac=4ba0fec69f47b966ebf61db711d48b970dfc624558711341207f602f5b87162d',NULL),(16,'Don\'t Tap That Glass / Tweakin\'',14,'3470152991','3:42','https://open.spotify.com/embed/track/tweakin_dummy_id','https://cdnt-preview.dzcdn.net/api/1/1/7/7/0/0/770a5cd7c178b86b3f2b1be7fab1a8f2.mp3?hdnea=exp=1764916178~acl=/api/1/1/7/7/0/0/770a5cd7c178b86b3f2b1be7fab1a8f2.mp3*~data=user_id=0,application_id=42~hmac=60da45c81839019c9e5f9b6b55ec606cf6d14da8204147bfb2a3b425b0d900e9',NULL),(17,'Don\'t You Worry Baby',14,'3470153001','2:58','https://open.spotify.com/embed/track/worry_dummy_id','https://cdnt-preview.dzcdn.net/api/1/1/1/2/a/0/12a04906fa77dbd55abf1c49980a5a97.mp3?hdnea=exp=1764916178~acl=/api/1/1/1/2/a/0/12a04906fa77dbd55abf1c49980a5a97.mp3*~data=user_id=0,application_id=42~hmac=ee3a06eaf7116bfe58643ed847a42080f2d24dfc3498d34debd7bf7625338f34',NULL),(18,'I\'ll Take Care of You',14,'3470153011','3:20','https://open.spotify.com/embed/track/care_dummy_id','https://cdnt-preview.dzcdn.net/api/1/1/e/0/b/0/e0beedb4f7a7109cf8a541f49658ad6f.mp3?hdnea=exp=1764916179~acl=/api/1/1/e/0/b/0/e0beedb4f7a7109cf8a541f49658ad6f.mp3*~data=user_id=0,application_id=42~hmac=ba839982d3a7c61505a2b5fd8c1a79dc6cc9900b7cfcc381dfcbb37ce8ddf3b2',NULL),(19,'Tell Me What It Is',14,'3470153021','3:22','https://open.spotify.com/embed/track/tellme_dummy_id','https://cdnt-preview.dzcdn.net/api/1/1/5/7/3/0/573f9ee8f143d26d5dd6815b54563ed2.mp3?hdnea=exp=1764916180~acl=/api/1/1/5/7/3/0/573f9ee8f143d26d5dd6815b54563ed2.mp3*~data=user_id=0,application_id=42~hmac=fb7f35709ab54189f5c0e9d2728cf937c9a1699e9f6246c47dbe3844335f3608',NULL),(20,'Come Together (Remastered 2009)',2,'116348452','4:18',NULL,'https://cdnt-preview.dzcdn.net/api/1/1/b/2/2/0/b2215e49d659c178394641df9945e645.mp3?hdnea=exp=1764919080~acl=/api/1/1/b/2/2/0/b2215e49d659c178394641df9945e645.mp3*~data=user_id=0,application_id=42~hmac=8a0e42ff5c73afa6ac5cd15dd1d2f5430f5fb4cd116c0b4bd5fa03b5de7f3956',NULL),(21,'Something (Remastered 2009)',2,'116348454','3:01',NULL,'https://cdnt-preview.dzcdn.net/api/1/1/8/f/d/0/8fdd63845967dc8758b23b224842824f.mp3?hdnea=exp=1764919080~acl=/api/1/1/8/f/d/0/8fdd63845967dc8758b23b224842824f.mp3*~data=user_id=0,application_id=42~hmac=79d58811e8cfd101c891a928fd50180208a43a23f4acb8ae08a711fef9fd01ff',NULL),(22,'Maxwell\'s Silver Hammer (Remastered 2009)',2,'116348456','3:26',NULL,'https://cdnt-preview.dzcdn.net/api/1/1/c/0/6/0/c061143052687acfc90ca82bf71ef74b.mp3?hdnea=exp=1764919080~acl=/api/1/1/c/0/6/0/c061143052687acfc90ca82bf71ef74b.mp3*~data=user_id=0,application_id=42~hmac=07a944c2f8763d0d97e649da7b436cf21812588ce92eb49f60136e3f5688e1fa',NULL),(23,'Oh! Darling (Remastered 2009)',2,'116348458','3:27',NULL,'https://cdnt-preview.dzcdn.net/api/1/1/7/d/2/0/7d25ac5c52aa772c418c3a6d535acce9.mp3?hdnea=exp=1764919080~acl=/api/1/1/7/d/2/0/7d25ac5c52aa772c418c3a6d535acce9.mp3*~data=user_id=0,application_id=42~hmac=8ad9234956d5379a4e6601a26fab66817a0385ed36dc59c36116fff4360418cc',NULL),(24,'Octopus\'s Garden (Remastered 2009)',2,'116348460','2:49',NULL,'https://cdnt-preview.dzcdn.net/api/1/1/3/7/c/0/37c4283ab15ba969041c18eb042c2de2.mp3?hdnea=exp=1764919080~acl=/api/1/1/3/7/c/0/37c4283ab15ba969041c18eb042c2de2.mp3*~data=user_id=0,application_id=42~hmac=f73ec9f39fdee54166d9c3ea776a63f831f8df97bd22221f8b582a13c9401236',NULL),(25,'I Want You (She\'s So Heavy) (Remastered 2009)',2,'116348462','7:45',NULL,'https://cdnt-preview.dzcdn.net/api/1/1/2/d/8/0/2d8e3c6c2f89ae4acafbe8dda6935c0d.mp3?hdnea=exp=1764919080~acl=/api/1/1/2/d/8/0/2d8e3c6c2f89ae4acafbe8dda6935c0d.mp3*~data=user_id=0,application_id=42~hmac=7829ee900ae8fbdb69d3a1d79bae2d5f0671be50d88753134631024704143973',NULL),(26,'Here Comes The Sun (Remastered 2009)',2,'116348464','3:04',NULL,'https://cdnt-preview.dzcdn.net/api/1/1/d/7/0/0/d702cdd1d89e261b22fc740f854c1a0f.mp3?hdnea=exp=1764919080~acl=/api/1/1/d/7/0/0/d702cdd1d89e261b22fc740f854c1a0f.mp3*~data=user_id=0,application_id=42~hmac=2f9c9273dab131972f2d60317d54c546df7b17df24bba5d6e7446f27e6266d0e',NULL),(27,'Because (Remastered 2009)',2,'116348466','2:45',NULL,'https://cdnt-preview.dzcdn.net/api/1/1/e/4/c/0/e4cc3c0dfe433bb07dbe1e12d77f9b2e.mp3?hdnea=exp=1764919080~acl=/api/1/1/e/4/c/0/e4cc3c0dfe433bb07dbe1e12d77f9b2e.mp3*~data=user_id=0,application_id=42~hmac=c291b27ca4bbf403a6944d0f0c80852dad614f2c97bd33fb21ab2303eb69a7b7',NULL),(28,'You Never Give Me Your Money (Remastered 2009)',2,'116348468','4:02',NULL,'https://cdnt-preview.dzcdn.net/api/1/1/3/3/9/0/3392ef920c75bbd9ffe0fc4764361c85.mp3?hdnea=exp=1764919080~acl=/api/1/1/3/3/9/0/3392ef920c75bbd9ffe0fc4764361c85.mp3*~data=user_id=0,application_id=42~hmac=76207adfdc8b23a8d4bf3bcb6f6d01923acff45d582458dff46de36c1ef72ca8',NULL),(29,'Sun King (Remastered 2009)',2,'116348470','2:26',NULL,'https://cdnt-preview.dzcdn.net/api/1/1/d/a/e/0/daef515972e86fd7dd4411c7900109de.mp3?hdnea=exp=1764919080~acl=/api/1/1/d/a/e/0/daef515972e86fd7dd4411c7900109de.mp3*~data=user_id=0,application_id=42~hmac=11a99c16b8f208965581b28936398f4c5a859d2e1b9c0ef89a6162c3e8197b58',NULL),(30,'Mean Mr Mustard (Remastered 2009)',2,'116348472','1:06',NULL,'https://cdnt-preview.dzcdn.net/api/1/1/9/7/5/0/97598e48eb616d129b859de4703122fa.mp3?hdnea=exp=1764919080~acl=/api/1/1/9/7/5/0/97598e48eb616d129b859de4703122fa.mp3*~data=user_id=0,application_id=42~hmac=af1e007943bd33dc3a57d0bb6696cebd6d7fd0930671cd4af65aa544d37204d8',NULL),(31,'Polythene Pam (Remastered 2009)',2,'116348474','1:12',NULL,'https://cdnt-preview.dzcdn.net/api/1/1/8/b/6/0/8b6a08753b6035f1b20bf3d7d34798e1.mp3?hdnea=exp=1764919080~acl=/api/1/1/8/b/6/0/8b6a08753b6035f1b20bf3d7d34798e1.mp3*~data=user_id=0,application_id=42~hmac=083358da3bb77a33c102cec720837712e189d8a473836705f9b21e408fb4d5c6',NULL),(32,'She Came In Through The Bathroom Window (Remastered 2009)',2,'116348476','1:57',NULL,'https://cdnt-preview.dzcdn.net/api/1/1/7/8/b/0/78bbc57652781eb350e31bc6577c5411.mp3?hdnea=exp=1764919080~acl=/api/1/1/7/8/b/0/78bbc57652781eb350e31bc6577c5411.mp3*~data=user_id=0,application_id=42~hmac=510f9c2f71f1c6c3ba3e31164158cc668908823a022a5a024de0215a577eb7ec',NULL),(33,'Golden Slumbers (Remastered 2009)',2,'116348478','1:31',NULL,'https://cdnt-preview.dzcdn.net/api/1/1/1/3/7/0/1374990848127f5a0fc1f684da126d22.mp3?hdnea=exp=1764919080~acl=/api/1/1/1/3/7/0/1374990848127f5a0fc1f684da126d22.mp3*~data=user_id=0,application_id=42~hmac=0cf9b653d7c031c2ed87d1f3cf405fa2e4405f66a2106d13f5c7da0a47094044',NULL),(34,'Carry That Weight (Remastered 2009)',2,'116348480','1:36',NULL,'https://cdnt-preview.dzcdn.net/api/1/1/a/f/f/0/aff00e40daefb6162b25f561230823fc.mp3?hdnea=exp=1764919080~acl=/api/1/1/a/f/f/0/aff00e40daefb6162b25f561230823fc.mp3*~data=user_id=0,application_id=42~hmac=3e8b42c1ad2f44e3095bbdbf6d73aec1cd7ad1bbccdec731dd2afa6d9c98a56d',NULL),(35,'The End (Remastered 2009)',2,'116348482','2:22',NULL,'https://cdnt-preview.dzcdn.net/api/1/1/4/f/8/0/4f8ae80b5b03241dd8e2a615079771f4.mp3?hdnea=exp=1764919080~acl=/api/1/1/4/f/8/0/4f8ae80b5b03241dd8e2a615079771f4.mp3*~data=user_id=0,application_id=42~hmac=76299e92131fa202adb58c6c2c08a18d54565230945513c2a56308c95cd4ffd2',NULL),(36,'Her Majesty (Remastered 2009)',2,'116348484','0:25',NULL,'https://cdnt-preview.dzcdn.net/api/1/1/7/b/8/0/7b8182934d91ac6ea0cc86404161588c.mp3?hdnea=exp=1764919080~acl=/api/1/1/7/b/8/0/7b8182934d91ac6ea0cc86404161588c.mp3*~data=user_id=0,application_id=42~hmac=49939166469b20f0ecf8f6e838723d1f9e933858e69f638d2a2d3b5ef1ebc0e3',NULL),(37,'Pray You Catch Me',3,'669486622','3:15',NULL,'https://cdnt-preview.dzcdn.net/api/1/1/4/3/8/0/4382ce2b9878faf06e2bfa7b4e0b736c.mp3?hdnea=exp=1764919081~acl=/api/1/1/4/3/8/0/4382ce2b9878faf06e2bfa7b4e0b736c.mp3*~data=user_id=0,application_id=42~hmac=fece8286a6606a982e17ab5cfc38ab24b3085c1836239bd8dfba99e4646c7432',NULL),(38,'Hold Up',3,'669486632','3:41',NULL,'https://cdnt-preview.dzcdn.net/api/1/1/4/3/d/0/43dc0478403cb85caed5e479f70ee446.mp3?hdnea=exp=1764919081~acl=/api/1/1/4/3/d/0/43dc0478403cb85caed5e479f70ee446.mp3*~data=user_id=0,application_id=42~hmac=9a2ef03032b6cec9d1b815f736f4590fe0ed6f291fe3b3241e11fedd851cf3b0',NULL),(39,'Don\'t Hurt Yourself (feat. Jack White)',3,'669486642','3:53',NULL,'https://cdnt-preview.dzcdn.net/api/1/1/4/0/e/0/40e974f1e476e320ecc6938f2bb3eaef.mp3?hdnea=exp=1764919081~acl=/api/1/1/4/0/e/0/40e974f1e476e320ecc6938f2bb3eaef.mp3*~data=user_id=0,application_id=42~hmac=33f11b0dcbe7996bec630a9cfb397ab5294f5a04ce28ba39252364d6888ca2df',NULL),(40,'Sorry',3,'669486652','3:52',NULL,'https://cdnt-preview.dzcdn.net/api/1/1/5/8/c/0/58c857b6a18e1bb130ef188b17a12959.mp3?hdnea=exp=1764919081~acl=/api/1/1/5/8/c/0/58c857b6a18e1bb130ef188b17a12959.mp3*~data=user_id=0,application_id=42~hmac=245cd768d6d3c1be913b424bc00ad6ff89625863a30c308ef035dcc33e99ef65',NULL),(41,'6 Inch (feat. The Weeknd)',3,'669486662','4:20',NULL,'https://cdnt-preview.dzcdn.net/api/1/1/7/3/4/0/734c7de1f4544b0fea9ede05d647dceb.mp3?hdnea=exp=1764919081~acl=/api/1/1/7/3/4/0/734c7de1f4544b0fea9ede05d647dceb.mp3*~data=user_id=0,application_id=42~hmac=b25ffebf16239a2b564758aa581a9b05cd63813b4b2cf604c21a1cf9c6d0f917',NULL),(42,'Daddy Lessons',3,'669486672','4:47',NULL,'https://cdnt-preview.dzcdn.net/api/1/1/d/4/0/0/d4078bbcf71156ccc89b89eb437aa2b1.mp3?hdnea=exp=1764919081~acl=/api/1/1/d/4/0/0/d4078bbcf71156ccc89b89eb437aa2b1.mp3*~data=user_id=0,application_id=42~hmac=264c173d472c63ac1bbb88aafd39e621689df6ac30d2e598eab74801b540e5d2',NULL),(43,'Love Drought',3,'669486682','3:57',NULL,'https://cdnt-preview.dzcdn.net/api/1/1/9/e/9/0/9e910e450a1078796bebd8b71de32e98.mp3?hdnea=exp=1764919081~acl=/api/1/1/9/e/9/0/9e910e450a1078796bebd8b71de32e98.mp3*~data=user_id=0,application_id=42~hmac=8c737600cb35f3d5efd79bc54940b6447292a44599550feef7cff1e38b488714',NULL),(44,'Sandcastles',3,'669486692','3:02',NULL,'https://cdnt-preview.dzcdn.net/api/1/1/b/3/2/0/b32a12318f96f08488ccb9e9c088d149.mp3?hdnea=exp=1764919081~acl=/api/1/1/b/3/2/0/b32a12318f96f08488ccb9e9c088d149.mp3*~data=user_id=0,application_id=42~hmac=13eb7c6cc1b0d4b6464f421f965508b84f42fb4c58ddcf2941bed06a807023ec',NULL),(45,'Forward (feat. James Blake)',3,'669486702','1:19',NULL,'https://cdnt-preview.dzcdn.net/api/1/1/3/1/4/0/314af704ffa9e030afb241b657a07c3f.mp3?hdnea=exp=1764919081~acl=/api/1/1/3/1/4/0/314af704ffa9e030afb241b657a07c3f.mp3*~data=user_id=0,application_id=42~hmac=312a43150cb3135e185da616bdd4f185803702c8655257cb8f4ec481ef4dea2a',NULL),(46,'Freedom (feat. Kendrick Lamar)',3,'669486712','4:49',NULL,'https://cdnt-preview.dzcdn.net/api/1/1/b/2/d/0/b2dbdcb3a4a46b10695e086a20e573b3.mp3?hdnea=exp=1764919081~acl=/api/1/1/b/2/d/0/b2dbdcb3a4a46b10695e086a20e573b3.mp3*~data=user_id=0,application_id=42~hmac=75a1b775771f6654ea0ce81158a19800c3535608bbc1e4f5a43a824e521f3038',NULL),(47,'All Night',3,'669486722','5:22',NULL,'https://cdnt-preview.dzcdn.net/api/1/1/b/0/6/0/b0635f051629f76c89e61dd2d1c61d9e.mp3?hdnea=exp=1764919081~acl=/api/1/1/b/0/6/0/b0635f051629f76c89e61dd2d1c61d9e.mp3*~data=user_id=0,application_id=42~hmac=61dc0cb7bab6ea64a7d5bf3af32bcee8c21601fd438845d13afde83be130b42c',NULL),(48,'Formation',3,'669486732','3:26',NULL,'https://cdnt-preview.dzcdn.net/api/1/1/1/9/b/0/19b643cfde30425b635e5ab8ce22f5bc.mp3?hdnea=exp=1764919081~acl=/api/1/1/1/9/b/0/19b643cfde30425b635e5ab8ce22f5bc.mp3*~data=user_id=0,application_id=42~hmac=d68b0bf5de3824d84bbb1e791d5b12a38579831ecb3f296ef06604781d738b5b',NULL),(49,'Sorry (Original Demo)',3,'669486742','3:24',NULL,'https://cdnt-preview.dzcdn.net/api/1/1/7/e/5/0/7e5740440d0f6bc9414086cc57f7c0ac.mp3?hdnea=exp=1764919081~acl=/api/1/1/7/e/5/0/7e5740440d0f6bc9414086cc57f7c0ac.mp3*~data=user_id=0,application_id=42~hmac=d8f04d4a137745e6af5f498a7449a2c3279c5005f95daefe3b6df3b8eb71abbe',NULL),(50,'The Girl Is Mine (with Paul McCartney)',4,'831298','3:42',NULL,'https://cdnt-preview.dzcdn.net/api/1/1/4/5/0/0/4502ef8b9064c79a6237009adcbbcae8.mp3?hdnea=exp=1764919082~acl=/api/1/1/4/5/0/0/4502ef8b9064c79a6237009adcbbcae8.mp3*~data=user_id=0,application_id=42~hmac=3e9abab8d684ab6bfad5798cb0954a3439ec6cace39dc1c152e3288722f49c37',NULL),(51,'Smells Like Teen Spirit',5,'13791930','5:01',NULL,'https://cdnt-preview.dzcdn.net/api/1/1/3/4/b/0/34bad352aa1aa0f8eecbbc9c27a40eaf.mp3?hdnea=exp=1764919083~acl=/api/1/1/3/4/b/0/34bad352aa1aa0f8eecbbc9c27a40eaf.mp3*~data=user_id=0,application_id=42~hmac=083ed404c51274a386dfb6daf8b5d444cc9026cca5cfafc37df3e733343ac6c9',NULL),(52,'In Bloom',5,'13791931','4:14',NULL,'https://cdnt-preview.dzcdn.net/api/1/1/3/2/5/0/325e263266ce02ceac5d0dec47f39754.mp3?hdnea=exp=1764919083~acl=/api/1/1/3/2/5/0/325e263266ce02ceac5d0dec47f39754.mp3*~data=user_id=0,application_id=42~hmac=d0a387efb0be27d25a7ccbb608162d5f629bbce1225035acce994e4926519f70',NULL),(53,'Come As You Are',5,'13791932','3:38',NULL,'https://cdnt-preview.dzcdn.net/api/1/1/2/7/c/0/27c313fdbf4ae7aec1ac264c10e110e2.mp3?hdnea=exp=1764919083~acl=/api/1/1/2/7/c/0/27c313fdbf4ae7aec1ac264c10e110e2.mp3*~data=user_id=0,application_id=42~hmac=f2b4d4fd01d11d8cbc5ccb4d9812f1e68017d647ce50daf78aa5eb4de85a3a68',NULL),(54,'Breed',5,'13791933','3:03',NULL,'https://cdnt-preview.dzcdn.net/api/1/1/0/a/4/0/0a4392afdc7046a6abee9bb5fe2783db.mp3?hdnea=exp=1764919083~acl=/api/1/1/0/a/4/0/0a4392afdc7046a6abee9bb5fe2783db.mp3*~data=user_id=0,application_id=42~hmac=f2a1dace74855be65642790a0ea87f2ec94ccdccd8180712e3414ef8bc9a319f',NULL),(55,'Lithium',5,'13791934','4:15',NULL,'https://cdnt-preview.dzcdn.net/api/1/1/1/1/7/0/1174a6c09fbc3fe39c1d01e49de8c85b.mp3?hdnea=exp=1764919083~acl=/api/1/1/1/1/7/0/1174a6c09fbc3fe39c1d01e49de8c85b.mp3*~data=user_id=0,application_id=42~hmac=2bc53067392eed114dab32a609d5051add41543e64bef0de34038a6be66bf210',NULL),(56,'Polly',5,'13791935','2:54',NULL,'https://cdnt-preview.dzcdn.net/api/1/1/e/8/7/0/e8708469fd200da077a5cde3f030ae50.mp3?hdnea=exp=1764919083~acl=/api/1/1/e/8/7/0/e8708469fd200da077a5cde3f030ae50.mp3*~data=user_id=0,application_id=42~hmac=6bde5e929a15eb5ef56368cf5f63e70c038717d65716e98c6ce4295270cd9153',NULL),(57,'Territorial Pissings',5,'13791936','2:22',NULL,'https://cdnt-preview.dzcdn.net/api/1/1/6/e/f/0/6efcc6bda32f4e7ad8abed9d8f656563.mp3?hdnea=exp=1764919083~acl=/api/1/1/6/e/f/0/6efcc6bda32f4e7ad8abed9d8f656563.mp3*~data=user_id=0,application_id=42~hmac=7537a7e4e0ecb2302538ea759c03243f2de87f7ff53aa9464cd12d27cfc2228c',NULL),(58,'Drain You',5,'13791937','3:44',NULL,'https://cdnt-preview.dzcdn.net/api/1/1/8/e/7/0/8e761960de941a8c174f832b24b837f4.mp3?hdnea=exp=1764919083~acl=/api/1/1/8/e/7/0/8e761960de941a8c174f832b24b837f4.mp3*~data=user_id=0,application_id=42~hmac=2396cc187ccb8bbb1a478565b66f4fca10c9de7b8aa8a932825d4c14dc768270',NULL),(59,'Lounge Act',5,'13791938','2:36',NULL,'https://cdnt-preview.dzcdn.net/api/1/1/7/e/3/0/7e343f241f28ddcd6a946d8f5509f2b5.mp3?hdnea=exp=1764919083~acl=/api/1/1/7/e/3/0/7e343f241f28ddcd6a946d8f5509f2b5.mp3*~data=user_id=0,application_id=42~hmac=f4aaa05536e2a4881dcc00bf4c0fded1ed7081210ffb5cb7ee9797a728ef113e',NULL),(60,'Stay Away',5,'13791939','3:31',NULL,'https://cdnt-preview.dzcdn.net/api/1/1/4/f/8/0/4f89dce541e19b81b4e4cf66176bb834.mp3?hdnea=exp=1764919083~acl=/api/1/1/4/f/8/0/4f89dce541e19b81b4e4cf66176bb834.mp3*~data=user_id=0,application_id=42~hmac=838b4d65e2d4bf006ceea8c04c953e1f62672820b3f247d8a44a875bfa6bdd72',NULL),(61,'On A Plain',5,'13791940','3:14',NULL,'https://cdnt-preview.dzcdn.net/api/1/1/9/9/9/0/999778e3ae29103d3ac389db7ce43633.mp3?hdnea=exp=1764919083~acl=/api/1/1/9/9/9/0/999778e3ae29103d3ac389db7ce43633.mp3*~data=user_id=0,application_id=42~hmac=7ac218179cf01def29c7834f5155332098922a66dbae6f962a1654131426a097',NULL),(62,'Something In The Way',5,'13791941','3:51',NULL,'https://cdnt-preview.dzcdn.net/api/1/1/7/7/f/0/77f314df091315f14e9f0d4ba4bf193a.mp3?hdnea=exp=1764919083~acl=/api/1/1/7/7/f/0/77f314df091315f14e9f0d4ba4bf193a.mp3*~data=user_id=0,application_id=42~hmac=73f0f344702168d8cc61e38fb47e05f66158627778077f5727b02be67da00187',NULL),(63,'Endless, Nameless',5,'13791942','6:40',NULL,'https://cdnt-preview.dzcdn.net/api/1/1/f/0/9/0/f0915d216014cc9282dccc96df3ad659.mp3?hdnea=exp=1764919083~acl=/api/1/1/f/0/9/0/f0915d216014cc9282dccc96df3ad659.mp3*~data=user_id=0,application_id=42~hmac=0c593e855ce6b348d781d27ab679494995c9e23cf436582f0f8169f02496c7f8',NULL),(64,'Rehab',6,'2176852','3:32',NULL,'https://cdnt-preview.dzcdn.net/api/1/1/2/1/d/0/21dd455c62dd8ecfbb94a879455fce82.mp3?hdnea=exp=1764919084~acl=/api/1/1/2/1/d/0/21dd455c62dd8ecfbb94a879455fce82.mp3*~data=user_id=0,application_id=42~hmac=64752776f32d2e5d8ece94a4ebc86cf60cce219bc34c3683f59f48b63e762155',NULL),(65,'You Know I\'m No Good',6,'2176853','4:19',NULL,'https://cdnt-preview.dzcdn.net/api/1/1/a/e/5/0/ae5d94e4e365d8a96d0a4342a849c4ff.mp3?hdnea=exp=1764919084~acl=/api/1/1/a/e/5/0/ae5d94e4e365d8a96d0a4342a849c4ff.mp3*~data=user_id=0,application_id=42~hmac=1acb2c79fbc2548e8f52cc5b5ea0432d87bdf22624667532f069198cd50e6733',NULL),(66,'Me & Mr Jones',6,'2176854','2:34',NULL,'https://cdnt-preview.dzcdn.net/api/1/1/7/f/7/0/7f7195fb8111f76aaf6f09b4eecb87ff.mp3?hdnea=exp=1764919084~acl=/api/1/1/7/f/7/0/7f7195fb8111f76aaf6f09b4eecb87ff.mp3*~data=user_id=0,application_id=42~hmac=a20a5a6323336b4885cb8a82396a112b3b585c982c4525f80182ca9675a88f9c',NULL),(67,'Just Friends',6,'2176855','3:11',NULL,'https://cdnt-preview.dzcdn.net/api/1/1/9/d/7/0/9d73eb214d49372f364b2f44d2c2ed81.mp3?hdnea=exp=1764919084~acl=/api/1/1/9/d/7/0/9d73eb214d49372f364b2f44d2c2ed81.mp3*~data=user_id=0,application_id=42~hmac=8e5e99a9d8b2a9da8e1630de69ce28e717b8eea5e108c6a0e0949c3e656955f0',NULL),(68,'Back To Black',6,'2176856','4:00',NULL,'https://cdnt-preview.dzcdn.net/api/1/1/8/c/5/0/8c51a0c8941f72ee783a7b2798cff8c8.mp3?hdnea=exp=1764919084~acl=/api/1/1/8/c/5/0/8c51a0c8941f72ee783a7b2798cff8c8.mp3*~data=user_id=0,application_id=42~hmac=48e7a8557bf03d2aee8fdd6f67748c89069a1204e5ba5128df0fde1e9d501220',NULL),(69,'Love Is A Losing Game',6,'2176857','2:35',NULL,'https://cdnt-preview.dzcdn.net/api/1/1/0/7/5/0/075156050b7cdbff28d33ff5b425c792.mp3?hdnea=exp=1764919084~acl=/api/1/1/0/7/5/0/075156050b7cdbff28d33ff5b425c792.mp3*~data=user_id=0,application_id=42~hmac=696969609dce84f9315886f762480b027cf90c4dbace5676923c33c7c1c15c41',NULL),(70,'Tears Dry On Their Own',6,'2176858','3:04',NULL,'https://cdnt-preview.dzcdn.net/api/1/1/2/8/9/0/289b5e55edbbc89bf5a3a8501a7f4bc1.mp3?hdnea=exp=1764919084~acl=/api/1/1/2/8/9/0/289b5e55edbbc89bf5a3a8501a7f4bc1.mp3*~data=user_id=0,application_id=42~hmac=ffede84b937163bebe3f51c43e79c6afd02adb63ed0cb5793e202feaebceea99',NULL),(71,'Wake Up Alone',6,'2176859','3:41',NULL,'https://cdnt-preview.dzcdn.net/api/1/1/2/2/d/0/22d3d41e3baaecdd0bacdd7b46863195.mp3?hdnea=exp=1764919084~acl=/api/1/1/2/2/d/0/22d3d41e3baaecdd0bacdd7b46863195.mp3*~data=user_id=0,application_id=42~hmac=8fbd2d1f46de3eabc29f706222578c25ba66c192d3fa3ffa9b0b4e6f34902d30',NULL),(72,'Some Unholy War',6,'2176860','2:21',NULL,'https://cdnt-preview.dzcdn.net/api/1/1/a/6/9/0/a69183d46d738d0af2dbc4df24f53db5.mp3?hdnea=exp=1764919084~acl=/api/1/1/a/6/9/0/a69183d46d738d0af2dbc4df24f53db5.mp3*~data=user_id=0,application_id=42~hmac=6b477b4b9cf6de555137bf006e9f6a4eb6c8a4dd5df98b50ad8f6ac21d0a7443',NULL),(73,'He Can Only Hold Her',6,'2176861','2:44',NULL,'https://cdnt-preview.dzcdn.net/api/1/1/d/c/1/0/dc1460ffdd1181b8305534b8dbdb012c.mp3?hdnea=exp=1764919084~acl=/api/1/1/d/c/1/0/dc1460ffdd1181b8305534b8dbdb012c.mp3*~data=user_id=0,application_id=42~hmac=6673b28932c3968fc6cca72fa545691e018162a08c77f9c5e0c1f28a07b86286',NULL),(74,'Addicted',6,'2176862','2:42',NULL,'https://cdnt-preview.dzcdn.net/api/1/1/5/4/6/0/546db9f21c7853856b807ed9684ede95.mp3?hdnea=exp=1764919084~acl=/api/1/1/5/4/6/0/546db9f21c7853856b807ed9684ede95.mp3*~data=user_id=0,application_id=42~hmac=1d427848cdcc58744843971aaf85fef2002e61e1221171b88f8e5f399b82abb4',NULL),(75,'Wesley\'s Theory',7,'97206056','4:47',NULL,'https://cdnt-preview.dzcdn.net/api/1/1/c/8/2/0/c825e3924122708baca34cd77741a55d.mp3?hdnea=exp=1764919085~acl=/api/1/1/c/8/2/0/c825e3924122708baca34cd77741a55d.mp3*~data=user_id=0,application_id=42~hmac=988e6dbdf2d1a63f9f3932b815107f5bc5ef2b28ae05325ecaca95aabb5e342e',NULL),(76,'For Free? (Interlude)',7,'97206058','2:11',NULL,'https://cdnt-preview.dzcdn.net/api/1/1/5/b/1/0/5b1bb8c4abfd44a653361a8e2ba5f733.mp3?hdnea=exp=1764919085~acl=/api/1/1/5/b/1/0/5b1bb8c4abfd44a653361a8e2ba5f733.mp3*~data=user_id=0,application_id=42~hmac=44dc88d23c405a94a906d31c24509f39e853dff1888193b08f1bbb7d0643cea2',NULL),(77,'King Kunta',7,'97206060','3:55',NULL,'https://cdnt-preview.dzcdn.net/api/1/1/0/7/e/0/07e4288dc14434dce20503ee05f2a9f0.mp3?hdnea=exp=1764919085~acl=/api/1/1/0/7/e/0/07e4288dc14434dce20503ee05f2a9f0.mp3*~data=user_id=0,application_id=42~hmac=f5a75e3047c5e5131d6696017c5b07a13a6f50fa89319827e2f68fe0ea9060a1',NULL),(78,'Institutionalized',7,'97206062','4:31',NULL,'https://cdnt-preview.dzcdn.net/api/1/1/1/a/c/0/1ac2e5e8967199af84a476596343f398.mp3?hdnea=exp=1764919085~acl=/api/1/1/1/a/c/0/1ac2e5e8967199af84a476596343f398.mp3*~data=user_id=0,application_id=42~hmac=7c7d4dc6017f50788fe8552d96f194652d77abe0e4bc7b14c81f58b800bbb90f',NULL),(79,'These Walls',7,'97206064','5:01',NULL,'https://cdnt-preview.dzcdn.net/api/1/1/7/a/a/0/7aaf7ae50faabf4b25962692536360e0.mp3?hdnea=exp=1764919085~acl=/api/1/1/7/a/a/0/7aaf7ae50faabf4b25962692536360e0.mp3*~data=user_id=0,application_id=42~hmac=4e507522ceb7e72fd19c1d712c64202ca4611cf9c244cff4fed933939e069bbd',NULL),(80,'u',7,'97206066','4:28',NULL,'https://cdnt-preview.dzcdn.net/api/1/1/9/6/a/0/96ae7969d2f9090488f88865c6f1f446.mp3?hdnea=exp=1764919085~acl=/api/1/1/9/6/a/0/96ae7969d2f9090488f88865c6f1f446.mp3*~data=user_id=0,application_id=42~hmac=64e3876dd4eb001a6649ce9367e415d52c82ae1b529163708602e6bd7e81ab42',NULL),(81,'Alright',7,'97206068','3:39',NULL,'https://cdnt-preview.dzcdn.net/api/1/1/1/2/f/0/12fd60e1cc86369ca2153e461ea6f0eb.mp3?hdnea=exp=1764919085~acl=/api/1/1/1/2/f/0/12fd60e1cc86369ca2153e461ea6f0eb.mp3*~data=user_id=0,application_id=42~hmac=0357b90e1c57405787d45960f14217a093180076295c6bee9863e66a01cc6807',NULL),(82,'For Sale? (Interlude)',7,'97206070','4:52',NULL,'https://cdnt-preview.dzcdn.net/api/1/1/e/0/8/0/e084ae94c29c4b772a513c5dbc3672b1.mp3?hdnea=exp=1764919085~acl=/api/1/1/e/0/8/0/e084ae94c29c4b772a513c5dbc3672b1.mp3*~data=user_id=0,application_id=42~hmac=4f93faf66cf15271ffe8eaf0c0597087d67f976cd939f6112528e199535ee243',NULL),(83,'Momma',7,'97206072','4:43',NULL,'https://cdnt-preview.dzcdn.net/api/1/1/f/6/0/0/f60cdf4f2e3ba203ffbfe61cfc528de4.mp3?hdnea=exp=1764919085~acl=/api/1/1/f/6/0/0/f60cdf4f2e3ba203ffbfe61cfc528de4.mp3*~data=user_id=0,application_id=42~hmac=0ca9d38c90b7cb682a51f4988fc83ac93cbd9fcd5103f6938ce7231fb181ca3f',NULL),(84,'Hood Politics',7,'97206074','4:53',NULL,'https://cdnt-preview.dzcdn.net/api/1/1/c/9/1/0/c9159a0629bad0552c7f58a73d021ba3.mp3?hdnea=exp=1764919085~acl=/api/1/1/c/9/1/0/c9159a0629bad0552c7f58a73d021ba3.mp3*~data=user_id=0,application_id=42~hmac=52a7d302a38c96615cdc375168154b0d6c044b821d360f6bc6db3a6da33a6c58',NULL),(85,'How Much A Dollar Cost',7,'97206076','4:22',NULL,'https://cdnt-preview.dzcdn.net/api/1/1/c/1/f/0/c1fa31c9a5949f656a9d85992c4d2f34.mp3?hdnea=exp=1764919085~acl=/api/1/1/c/1/f/0/c1fa31c9a5949f656a9d85992c4d2f34.mp3*~data=user_id=0,application_id=42~hmac=2b8dcca5276fbd94f9a8690fe7b0d8e9360cff2d9a5f9a119c65fa318058356a',NULL),(86,'Complexion (A Zulu Love)',7,'97206078','4:23',NULL,'https://cdnt-preview.dzcdn.net/api/1/1/5/9/9/0/599e5bba6194cb225c4844e535fcea6c.mp3?hdnea=exp=1764919085~acl=/api/1/1/5/9/9/0/599e5bba6194cb225c4844e535fcea6c.mp3*~data=user_id=0,application_id=42~hmac=d02a53d973fc6571575165efcee192ec1eaacd55ad044d9ba68bc28984e64da5',NULL),(87,'The Blacker The Berry',7,'97206080','5:31',NULL,'https://cdnt-preview.dzcdn.net/api/1/1/f/0/5/0/f051eebed89256c945b01d932a8be1e5.mp3?hdnea=exp=1764919085~acl=/api/1/1/f/0/5/0/f051eebed89256c945b01d932a8be1e5.mp3*~data=user_id=0,application_id=42~hmac=fcbf445cb7f6506e6c5003e0122a95763de154d17ac587c16454199449a6bdd5',NULL),(88,'You Ain\'t Gotta Lie (Momma Said)',7,'97206082','4:02',NULL,'https://cdnt-preview.dzcdn.net/api/1/1/3/7/b/0/37be1b46bd2ed3737bc4b28de45c9de1.mp3?hdnea=exp=1764919085~acl=/api/1/1/3/7/b/0/37be1b46bd2ed3737bc4b28de45c9de1.mp3*~data=user_id=0,application_id=42~hmac=e220d3f750e6af704b6d4a324924ddf6e5184a361d2f9c226ed15e55b2929592',NULL),(89,'i',7,'97206084','5:36',NULL,'https://cdnt-preview.dzcdn.net/api/1/1/6/1/9/0/619cda81d1f2658d3fae10b4b5967b78.mp3?hdnea=exp=1764919085~acl=/api/1/1/6/1/9/0/619cda81d1f2658d3fae10b4b5967b78.mp3*~data=user_id=0,application_id=42~hmac=681c7c45901eb4a72d53616bc225e1a27b31790174c6d249569eff40a84f0d38',NULL),(90,'Mortal Man',7,'97206086','12:07',NULL,'https://cdnt-preview.dzcdn.net/api/1/1/b/2/9/0/b29f11ef68d9f39c6ddc4e8ba7264302.mp3?hdnea=exp=1764919085~acl=/api/1/1/b/2/9/0/b29f11ef68d9f39c6ddc4e8ba7264302.mp3*~data=user_id=0,application_id=42~hmac=ff92d36d232344bed50e6f7ddfe19c2e14178aabfa23c2dc468f83241fb715a2',NULL),(91,'Politik',8,'3098837','5:18',NULL,'https://cdnt-preview.dzcdn.net/api/1/1/f/a/7/0/fa77449f4c8371cc994079001a8e2d40.mp3?hdnea=exp=1764919086~acl=/api/1/1/f/a/7/0/fa77449f4c8371cc994079001a8e2d40.mp3*~data=user_id=0,application_id=42~hmac=937c289a99d5534c1527d6329cb7501160ebd26ac493136043213685744c51ea',NULL),(92,'In My Place',8,'3098838','3:46',NULL,'https://cdnt-preview.dzcdn.net/api/1/1/2/2/7/0/227861de1c83a8c7ff0c0572560fc94c.mp3?hdnea=exp=1764919086~acl=/api/1/1/2/2/7/0/227861de1c83a8c7ff0c0572560fc94c.mp3*~data=user_id=0,application_id=42~hmac=ad23393f709a10a802df0e5fb261ffbe2b65b80ac41bd1e933c32da2f8c69415',NULL),(93,'God Put a Smile upon Your Face',8,'3098839','4:57',NULL,'https://cdnt-preview.dzcdn.net/api/1/1/1/e/1/0/1e1c4f3c69d7cb50b543e1ecab847564.mp3?hdnea=exp=1764919086~acl=/api/1/1/1/e/1/0/1e1c4f3c69d7cb50b543e1ecab847564.mp3*~data=user_id=0,application_id=42~hmac=ffc813cd598ec97ef2bf29a75974ba5abc3a4df9a67ac172a7b59546c6ff729d',NULL),(94,'The Scientist',8,'3098840','5:09',NULL,'https://cdnt-preview.dzcdn.net/api/1/1/f/2/2/0/f2294668b615f9c8ab79782a5bdaf46d.mp3?hdnea=exp=1764919086~acl=/api/1/1/f/2/2/0/f2294668b615f9c8ab79782a5bdaf46d.mp3*~data=user_id=0,application_id=42~hmac=b86ebfad294d4f450879dafd7acd63b6d4a5139008a8a67564460679d00f4f2d',NULL),(95,'Clocks',8,'3098841','5:07',NULL,'https://cdnt-preview.dzcdn.net/api/1/1/a/a/b/0/aab462f45130dd661898605b8573b1e2.mp3?hdnea=exp=1764919086~acl=/api/1/1/a/a/b/0/aab462f45130dd661898605b8573b1e2.mp3*~data=user_id=0,application_id=42~hmac=744310252bea48340f1596eaeb9292ac88802a0e02cf3911d9fcc408a1a529f2',NULL),(96,'Daylight',8,'3098842','5:27',NULL,'https://cdnt-preview.dzcdn.net/api/1/1/5/0/c/0/50cb4df086f72254227a78b005a30b18.mp3?hdnea=exp=1764919086~acl=/api/1/1/5/0/c/0/50cb4df086f72254227a78b005a30b18.mp3*~data=user_id=0,application_id=42~hmac=b6c0c1016eaa66ad370412d9a762a87f73853c21735a80a344d3b8c83880091d',NULL),(97,'Green Eyes',8,'3098843','3:43',NULL,'https://cdnt-preview.dzcdn.net/api/1/1/9/9/f/0/99fe3ff12532c0306d9f5451b9d97099.mp3?hdnea=exp=1764919086~acl=/api/1/1/9/9/f/0/99fe3ff12532c0306d9f5451b9d97099.mp3*~data=user_id=0,application_id=42~hmac=7e227fe05b1f8c0765a3dcc522f97f5ec347660aa0f44d6fc0d43d62dad49d24',NULL),(98,'Warning Sign',8,'3098844','5:31',NULL,'https://cdnt-preview.dzcdn.net/api/1/1/2/6/0/0/26058fc15744b234b918cc1b65fc0b2f.mp3?hdnea=exp=1764919086~acl=/api/1/1/2/6/0/0/26058fc15744b234b918cc1b65fc0b2f.mp3*~data=user_id=0,application_id=42~hmac=a3ca4e37d599e5fa82a5b8c952726a756e45670f45fe4ed46be02545c7ad3734',NULL),(99,'A Whisper',8,'3098845','3:58',NULL,'https://cdnt-preview.dzcdn.net/api/1/1/b/c/f/0/bcf7c3f940116548dff7d24404b63969.mp3?hdnea=exp=1764919086~acl=/api/1/1/b/c/f/0/bcf7c3f940116548dff7d24404b63969.mp3*~data=user_id=0,application_id=42~hmac=759add427a930a83d3875aa20f44d0e6b9f0fbdca78c2c42edfa04413b66b291',NULL),(100,'A Rush of Blood to the Head',8,'3098846','5:51',NULL,'https://cdnt-preview.dzcdn.net/api/1/1/5/c/8/0/5c804815ce102b6483cc7c49495d8efd.mp3?hdnea=exp=1764919086~acl=/api/1/1/5/c/8/0/5c804815ce102b6483cc7c49495d8efd.mp3*~data=user_id=0,application_id=42~hmac=ed217684a17fe4d6600825f754b49c9d2bda00cb438baa8242f9b08fdddff9a1',NULL),(101,'Amsterdam',8,'3098847','5:19',NULL,'https://cdnt-preview.dzcdn.net/api/1/1/6/9/3/0/693bd23a8426b7cc3b4bda4200aeb111.mp3?hdnea=exp=1764919086~acl=/api/1/1/6/9/3/0/693bd23a8426b7cc3b4bda4200aeb111.mp3*~data=user_id=0,application_id=42~hmac=661bf9591630c77a3a87d400c941a6f83776e031bb316cd608c3ef81eecc9c50',NULL),(102,'The Grudge',10,'722078492','8:36',NULL,'https://cdnt-preview.dzcdn.net/api/1/1/d/6/8/0/d68ec2e8151ba01b3754f5cbc6a6042f.mp3?hdnea=exp=1764919087~acl=/api/1/1/d/6/8/0/d68ec2e8151ba01b3754f5cbc6a6042f.mp3*~data=user_id=0,application_id=42~hmac=33baac9b419b21a8aeeed3aeceae02877c24d3c591d2e40d642a92f6d198c179',NULL),(103,'Eon Blue Apocalypse',10,'722078502','1:04',NULL,'https://cdnt-preview.dzcdn.net/api/1/1/f/8/b/0/f8b2984764c8c95407c327cc4ba1059b.mp3?hdnea=exp=1764919087~acl=/api/1/1/f/8/b/0/f8b2984764c8c95407c327cc4ba1059b.mp3*~data=user_id=0,application_id=42~hmac=00b291b853e8230dec1c9f2814c49f5a683115c34e1a6023895ebad984f6fb01',NULL),(104,'The Patient',10,'722078512','7:13',NULL,'https://cdnt-preview.dzcdn.net/api/1/1/4/0/7/0/407d305e230e60607b1b7b9532946df3.mp3?hdnea=exp=1764919087~acl=/api/1/1/4/0/7/0/407d305e230e60607b1b7b9532946df3.mp3*~data=user_id=0,application_id=42~hmac=99f3749026ee1065b5395177d83cea1698d7e52d3e3325277e19c80105401105',NULL),(105,'Mantra',10,'722078522','1:12',NULL,'https://cdnt-preview.dzcdn.net/api/1/1/1/4/7/0/1470cc93c9b320889d02c8bb25649049.mp3?hdnea=exp=1764919087~acl=/api/1/1/1/4/7/0/1470cc93c9b320889d02c8bb25649049.mp3*~data=user_id=0,application_id=42~hmac=d6626b4a454c943dbdefe1dc5c47479d159f4eb466686617d0d6ae58e620978e',NULL),(106,'Schism',10,'722078532','6:47',NULL,'https://cdnt-preview.dzcdn.net/api/1/1/6/f/f/0/6ff43fc4af08853d8c5d05df4bcc7b02.mp3?hdnea=exp=1764919087~acl=/api/1/1/6/f/f/0/6ff43fc4af08853d8c5d05df4bcc7b02.mp3*~data=user_id=0,application_id=42~hmac=b4efad10a65877c8c22fc8e415f64b60cf9f8231eec8a31012c3d555c859955c',NULL),(107,'Parabol',10,'722078542','3:04',NULL,'https://cdnt-preview.dzcdn.net/api/1/1/f/b/8/0/fb80c98d9090b1056eff0f878f858870.mp3?hdnea=exp=1764919087~acl=/api/1/1/f/b/8/0/fb80c98d9090b1056eff0f878f858870.mp3*~data=user_id=0,application_id=42~hmac=262a0c16369b217c1cf52fb1c41362dd12c0727a7ef247318c699446d6c65683',NULL),(108,'Parabola',10,'722078552','6:03',NULL,'https://cdnt-preview.dzcdn.net/api/1/1/7/b/4/0/7b4ba39117ac8ae475b6d0dfce093d28.mp3?hdnea=exp=1764919087~acl=/api/1/1/7/b/4/0/7b4ba39117ac8ae475b6d0dfce093d28.mp3*~data=user_id=0,application_id=42~hmac=de85099ff53ec023898475c182d30bd1d2b859d919016552cd09d542ba1b2dfa',NULL),(109,'Ticks & Leeches',10,'722078562','8:10',NULL,'https://cdnt-preview.dzcdn.net/api/1/1/0/8/5/0/0853c09e79cc21b45edc39329169b23d.mp3?hdnea=exp=1764919087~acl=/api/1/1/0/8/5/0/0853c09e79cc21b45edc39329169b23d.mp3*~data=user_id=0,application_id=42~hmac=06e9155459b19ae399f5d165843f54939a8fb10647b54cbc73dcdabf6bbac217',NULL),(110,'Lateralus',10,'722078572','9:24',NULL,'https://cdnt-preview.dzcdn.net/api/1/1/c/6/a/0/c6ace5e9440dc3aee15ccb1c6b6b0826.mp3?hdnea=exp=1764919087~acl=/api/1/1/c/6/a/0/c6ace5e9440dc3aee15ccb1c6b6b0826.mp3*~data=user_id=0,application_id=42~hmac=4302b3156f1e0f508eedfbb80e5127b8b1824d864242ad737d2c7bc2884eb5b1',NULL),(111,'Disposition',10,'722078582','4:46',NULL,'https://cdnt-preview.dzcdn.net/api/1/1/f/6/4/0/f6470af22f753d1be573259080021dba.mp3?hdnea=exp=1764919087~acl=/api/1/1/f/6/4/0/f6470af22f753d1be573259080021dba.mp3*~data=user_id=0,application_id=42~hmac=af2a6bde2eba7e61d68198b84c02744fe0d4667fc02a4eacad821ab0aa587f17',NULL),(112,'Reflection',10,'722078592','11:07',NULL,'https://cdnt-preview.dzcdn.net/api/1/1/d/6/c/0/d6c9a64c57fd63383ae1a16f65a66ef4.mp3?hdnea=exp=1764919087~acl=/api/1/1/d/6/c/0/d6c9a64c57fd63383ae1a16f65a66ef4.mp3*~data=user_id=0,application_id=42~hmac=c959e680b8236218077cbc0e117643745cd69a6b2fcdcdb36947240bdb84a20a',NULL),(113,'Triad',10,'722078602','8:46',NULL,'https://cdnt-preview.dzcdn.net/api/1/1/8/1/5/0/81572bd171d545dba666512c5dd77f0d.mp3?hdnea=exp=1764919087~acl=/api/1/1/8/1/5/0/81572bd171d545dba666512c5dd77f0d.mp3*~data=user_id=0,application_id=42~hmac=344e412718f7faee6d7ef9e2aaabca48f348d5e8bf7d99d3757c3b9d3d185625',NULL),(114,'Faaip De Oiad',10,'722078612','2:39',NULL,'https://cdnt-preview.dzcdn.net/api/1/1/9/9/a/0/99a0e4b53ed294ff50a3d2c268a271c9.mp3?hdnea=exp=1764919087~acl=/api/1/1/9/9/a/0/99a0e4b53ed294ff50a3d2c268a271c9.mp3*~data=user_id=0,application_id=42~hmac=f0e145b65698fcc4f7d398ce77648588337db9e084ad652afdf045d69d884bd2',NULL),(115,'Green Light',11,'371625771','3:54',NULL,'https://cdnt-preview.dzcdn.net/api/1/1/f/3/7/0/f37d1ab90e5551aed1d8d432d40542e4.mp3?hdnea=exp=1764919089~acl=/api/1/1/f/3/7/0/f37d1ab90e5551aed1d8d432d40542e4.mp3*~data=user_id=0,application_id=42~hmac=303034cb36b5ef2b41b6837d71556df20496992fbd024026ded70a36879d08a1',NULL),(116,'Sober',11,'371625781','3:17',NULL,'https://cdnt-preview.dzcdn.net/api/1/1/2/f/b/0/2fb4ab347fd5d9876200c16bf95fb9ad.mp3?hdnea=exp=1764919089~acl=/api/1/1/2/f/b/0/2fb4ab347fd5d9876200c16bf95fb9ad.mp3*~data=user_id=0,application_id=42~hmac=20bddf328fc4a595c81882b0c805ef99af927ec6d3f52ad42acde2f0ab9f44cb',NULL),(117,'Homemade Dynamite',11,'371625791','3:09',NULL,'https://cdnt-preview.dzcdn.net/api/1/1/4/3/1/0/4319d4767b89d00d26a44b55ee4db642.mp3?hdnea=exp=1764919089~acl=/api/1/1/4/3/1/0/4319d4767b89d00d26a44b55ee4db642.mp3*~data=user_id=0,application_id=42~hmac=092faa239390dcffd55950e828ec874ab7175e53208296e2612ad8556277d45b',NULL),(118,'The Louvre',11,'371625801','4:31',NULL,'https://cdnt-preview.dzcdn.net/api/1/1/6/b/2/0/6b24979555a2c84c4e9d1d8585e9e35c.mp3?hdnea=exp=1764919089~acl=/api/1/1/6/b/2/0/6b24979555a2c84c4e9d1d8585e9e35c.mp3*~data=user_id=0,application_id=42~hmac=692fb372ddd2bd452289937861356934120fd2f8267c697a586236521d441dab',NULL),(119,'Liability',11,'371625811','2:51',NULL,'https://cdnt-preview.dzcdn.net/api/1/1/f/6/4/0/f64334a02e92bd25ebc6af9a6fa5e3a3.mp3?hdnea=exp=1764919089~acl=/api/1/1/f/6/4/0/f64334a02e92bd25ebc6af9a6fa5e3a3.mp3*~data=user_id=0,application_id=42~hmac=73fc0c1801ccfadee3ed98e41dc25fc887b455fcac7a012bf9b0c06014096b05',NULL),(120,'Hard Feelings/Loveless',11,'371625821','6:07',NULL,'https://cdnt-preview.dzcdn.net/api/1/1/c/5/5/0/c55e98e7e2ab1fcee4cdea267b81e233.mp3?hdnea=exp=1764919089~acl=/api/1/1/c/5/5/0/c55e98e7e2ab1fcee4cdea267b81e233.mp3*~data=user_id=0,application_id=42~hmac=e4f8f8b366763f9638310fa50f9e2591678c33fe3a294cd124b26746ecc44b51',NULL),(121,'Sober II (Melodrama)',11,'371625831','2:58',NULL,'https://cdnt-preview.dzcdn.net/api/1/1/1/b/c/0/1bcb54a07ac2c5681ee6185a2f41c9be.mp3?hdnea=exp=1764919089~acl=/api/1/1/1/b/c/0/1bcb54a07ac2c5681ee6185a2f41c9be.mp3*~data=user_id=0,application_id=42~hmac=72a1b04f96408bcd62c816e3d0ec429d192d30d182b95dd44d72d0c08b2754f9',NULL),(122,'Writer In The Dark',11,'371625841','3:36',NULL,'https://cdnt-preview.dzcdn.net/api/1/1/0/c/1/0/0c1691445adf3aadd99ea4c62195f162.mp3?hdnea=exp=1764919089~acl=/api/1/1/0/c/1/0/0c1691445adf3aadd99ea4c62195f162.mp3*~data=user_id=0,application_id=42~hmac=90ca48cf2882563e121d0bb5170e5921c511df6e696fff071ee68bdf57f33c74',NULL),(123,'Supercut',11,'371625851','4:37',NULL,'https://cdnt-preview.dzcdn.net/api/1/1/d/f/1/0/df1e059abdadd747f05539b4c96a3d71.mp3?hdnea=exp=1764919089~acl=/api/1/1/d/f/1/0/df1e059abdadd747f05539b4c96a3d71.mp3*~data=user_id=0,application_id=42~hmac=9b585d6de7e98a96642668cece442ab72057867b73798670702c625c72e441f8',NULL),(124,'Liability (Reprise)',11,'371625861','2:16',NULL,'https://cdnt-preview.dzcdn.net/api/1/1/a/1/2/0/a12834b7ab6cee715358fd7f61f07271.mp3?hdnea=exp=1764919089~acl=/api/1/1/a/1/2/0/a12834b7ab6cee715358fd7f61f07271.mp3*~data=user_id=0,application_id=42~hmac=12126ecfe1d466f49ecec4dac58771352dbcdd6e7db873494962ef3033af7442',NULL),(125,'Perfect Places',11,'371625871','3:41',NULL,'https://cdnt-preview.dzcdn.net/api/1/1/4/1/d/0/41da13894c153b6e2d75343fefafcd0e.mp3?hdnea=exp=1764919089~acl=/api/1/1/4/1/d/0/41da13894c153b6e2d75343fefafcd0e.mp3*~data=user_id=0,application_id=42~hmac=d5776510c7f23241fa9f3158a7bfae859f42eb35eb1f791e69bdc015094ff25e',NULL),(126,'Sherane a.k.a Master Splinter’s Daughter',12,'67929153','4:33',NULL,'https://cdnt-preview.dzcdn.net/api/1/1/4/c/d/0/4cdffad2c25fc8cc1186a08d41c15d06.mp3?hdnea=exp=1764919090~acl=/api/1/1/4/c/d/0/4cdffad2c25fc8cc1186a08d41c15d06.mp3*~data=user_id=0,application_id=42~hmac=ccf07e90e72ee04f9be36b21a67740888b3235cf0656cbdcbf518173f7137184',NULL),(127,'Bitch, Don’t Kill My Vibe',12,'67929154','5:11',NULL,'https://cdnt-preview.dzcdn.net/api/1/1/7/e/4/0/7e49ebbfb6a5eb3337a6b5067c52771c.mp3?hdnea=exp=1764919090~acl=/api/1/1/7/e/4/0/7e49ebbfb6a5eb3337a6b5067c52771c.mp3*~data=user_id=0,application_id=42~hmac=7615c96bffee59bcd6b1d149b21d00ab09772169548f43c99388736e8eee54fc',NULL),(128,'Backseat Freestyle',12,'67929155','3:33',NULL,'https://cdnt-preview.dzcdn.net/api/1/1/5/4/a/0/54a1c1629153e1f9e2c8e5f88f1da386.mp3?hdnea=exp=1764919090~acl=/api/1/1/5/4/a/0/54a1c1629153e1f9e2c8e5f88f1da386.mp3*~data=user_id=0,application_id=42~hmac=e2aa98f04c5583f4d7a47c9d230deaaa117991215cd8fd7aeda1296fc8fb4b10',NULL),(129,'The Art of Peer Pressure',12,'67929156','5:25',NULL,'https://cdnt-preview.dzcdn.net/api/1/1/1/8/2/0/182ff643e4a6412a7cbe9d1fa0fdc421.mp3?hdnea=exp=1764919090~acl=/api/1/1/1/8/2/0/182ff643e4a6412a7cbe9d1fa0fdc421.mp3*~data=user_id=0,application_id=42~hmac=8eea555737bec5826dac1f59f87ff43bd85ffbaf2eed981aeabcda0fecd8e4ab',NULL),(130,'Money Trees',12,'67929157','6:27',NULL,'https://cdnt-preview.dzcdn.net/api/1/1/e/8/6/0/e86d6bb045d2e22f78827b7d6da3e81f.mp3?hdnea=exp=1764919090~acl=/api/1/1/e/8/6/0/e86d6bb045d2e22f78827b7d6da3e81f.mp3*~data=user_id=0,application_id=42~hmac=a56f78e254645d36b5abf7eb78d31cc1532518794ebc99b8a9e5a2e538110776',NULL),(131,'Poetic Justice',12,'67929158','5:00',NULL,'https://cdnt-preview.dzcdn.net/api/1/1/2/7/9/0/27991fa0be71bce021f712bf6ab4c78f.mp3?hdnea=exp=1764919090~acl=/api/1/1/2/7/9/0/27991fa0be71bce021f712bf6ab4c78f.mp3*~data=user_id=0,application_id=42~hmac=e760dabb5c256b52344f8da674554b6368c80600518956ab7b5aa5a74d3b5e85',NULL),(132,'good kid',12,'67929159','3:34',NULL,'https://cdnt-preview.dzcdn.net/api/1/1/0/e/1/0/0e1aa5b6bc646e094ba66abdd1613fe5.mp3?hdnea=exp=1764919090~acl=/api/1/1/0/e/1/0/0e1aa5b6bc646e094ba66abdd1613fe5.mp3*~data=user_id=0,application_id=42~hmac=10f6fbc8f9be60a8215a245dca59993e04aaf43c8ca698eedc2a45ed248339ca',NULL),(133,'m.A.A.d city',12,'67929160','5:50',NULL,'https://cdnt-preview.dzcdn.net/api/1/1/9/0/b/0/90be60b1330e305177731cd69b13e02e.mp3?hdnea=exp=1764919090~acl=/api/1/1/9/0/b/0/90be60b1330e305177731cd69b13e02e.mp3*~data=user_id=0,application_id=42~hmac=f46e413cb8f8d9ed6feeb80a469949698c4a7a0a22474dee145811089db7857c',NULL),(134,'Swimming Pools (Drank) (Extended Version)',12,'67929161','5:14',NULL,'https://cdnt-preview.dzcdn.net/api/1/1/b/b/e/0/bbefc4811f51445f4b50eed9f316edaf.mp3?hdnea=exp=1764919090~acl=/api/1/1/b/b/e/0/bbefc4811f51445f4b50eed9f316edaf.mp3*~data=user_id=0,application_id=42~hmac=b5a930aa718eeabfed9c72492fb890925aa4668a0fad04194e591ef8d1d8ae00',NULL),(135,'Sing About Me, I\'m Dying Of Thirst',12,'67929162','12:04',NULL,'https://cdnt-preview.dzcdn.net/api/1/1/4/3/1/0/4318a3f53724e1e9170b9f0d2bc80bbd.mp3?hdnea=exp=1764919090~acl=/api/1/1/4/3/1/0/4318a3f53724e1e9170b9f0d2bc80bbd.mp3*~data=user_id=0,application_id=42~hmac=48be60396e0783799b4532c80c0eaf6c6a23b529f39ac437d8cb71c060c964a9',NULL),(136,'Real',12,'67929163','7:23',NULL,'https://cdnt-preview.dzcdn.net/api/1/1/5/d/2/0/5d23fd53c2714dcdb3b106525f99ba19.mp3?hdnea=exp=1764919090~acl=/api/1/1/5/d/2/0/5d23fd53c2714dcdb3b106525f99ba19.mp3*~data=user_id=0,application_id=42~hmac=1fc64a71e2ef3fd43c152ff0b633854e7477008139762c1b200fcfff077d6a93',NULL),(137,'Compton',12,'67929164','4:08',NULL,'https://cdnt-preview.dzcdn.net/api/1/1/d/7/2/0/d7260cc2d8c7ff4576c020b7380c9cc8.mp3?hdnea=exp=1764919090~acl=/api/1/1/d/7/2/0/d7260cc2d8c7ff4576c020b7380c9cc8.mp3*~data=user_id=0,application_id=42~hmac=de1aab3aefffc162ef8b60f489a91ac27d23632c508dc2e5a694b9680866946b',NULL),(138,'The Recipe (Bonus Track)',12,'67929165','5:53',NULL,'https://cdnt-preview.dzcdn.net/api/1/1/b/9/1/0/b91394afe5489ffc6a61f3c42f18d433.mp3?hdnea=exp=1764919090~acl=/api/1/1/b/9/1/0/b91394afe5489ffc6a61f3c42f18d433.mp3*~data=user_id=0,application_id=42~hmac=cfd416a67a06c6f26f0191bbcf3dec02d3ea34075184bd4b176a397ebd6d1ca9',NULL),(139,'Black Boy Fly (Bonus Track)',12,'67929166','4:39',NULL,'https://cdnt-preview.dzcdn.net/api/1/1/8/f/3/0/8f3a9b3b9ac01ec3a2c596f70903a047.mp3?hdnea=exp=1764919090~acl=/api/1/1/8/f/3/0/8f3a9b3b9ac01ec3a2c596f70903a047.mp3*~data=user_id=0,application_id=42~hmac=b4a129b5c157db55d2630bfa9e23be988d2a0e5f0e9a7f9eb356a98b74942561',NULL),(140,'Now Or Never (Bonus Track)',12,'67929167','4:17',NULL,'https://cdnt-preview.dzcdn.net/api/1/1/8/c/a/0/8cafafbe57d01b0def85ab0b5683f862.mp3?hdnea=exp=1764919090~acl=/api/1/1/8/c/a/0/8cafafbe57d01b0def85ab0b5683f862.mp3*~data=user_id=0,application_id=42~hmac=6baea0ce483c8bae851b757c8f30240f453c58158a5366098204b2ec9fed0e25',NULL),(141,'Bitch, Don’t Kill My Vibe (Remix)',12,'67929168','4:38',NULL,'https://cdnt-preview.dzcdn.net/api/1/1/d/7/4/0/d74f88ccaee97372effaeb92b16b2a27.mp3?hdnea=exp=1764919090~acl=/api/1/1/d/7/4/0/d74f88ccaee97372effaeb92b16b2a27.mp3*~data=user_id=0,application_id=42~hmac=2ef3493a7cad3947b93d940d8671e3ed5bce2c973f3e7df59c651339ffb0b93e',NULL),(142,'Bitch, Don’t Kill My Vibe (International Remix / Explicit Version)',12,'67929169','5:07',NULL,'https://cdnt-preview.dzcdn.net/api/1/1/d/8/a/0/d8aa029fefbf165b311e0a7f64a3bc24.mp3?hdnea=exp=1764919090~acl=/api/1/1/d/8/a/0/d8aa029fefbf165b311e0a7f64a3bc24.mp3*~data=user_id=0,application_id=42~hmac=e65d04a93a99d816399846f389b3c04bd0e225b5e5a36187a43cea9f2a26e210',NULL),(143,'Don\'t You Worry Baby (feat. Madison McFerrin)',14,'3470153001','2:58',NULL,'https://cdnt-preview.dzcdn.net/api/1/1/1/2/a/0/12a04906fa77dbd55abf1c49980a5a97.mp3?hdnea=exp=1764919091~acl=/api/1/1/1/2/a/0/12a04906fa77dbd55abf1c49980a5a97.mp3*~data=user_id=0,application_id=42~hmac=2b06f4085dca8d079ab2eb65cf8d2de1577bddb44b8449e0a298ce89edb76fc2',NULL),(144,'I\'ll Take Care of You (feat. Yebba)',14,'3470153011','3:20',NULL,'https://cdnt-preview.dzcdn.net/api/1/1/e/0/b/0/e0beedb4f7a7109cf8a541f49658ad6f.mp3?hdnea=exp=1764919091~acl=/api/1/1/e/0/b/0/e0beedb4f7a7109cf8a541f49658ad6f.mp3*~data=user_id=0,application_id=42~hmac=e8c03c6c5abebc753185b9b1cc530a2fd2c18f3e03a2459d3d34de682c72affc',NULL),(145,'Starboy',16,'136889400','3:50',NULL,'https://cdnt-preview.dzcdn.net/api/1/1/3/c/1/0/3c19a82aeffd2f6f6adb63c4d8548e06.mp3?hdnea=exp=1764919092~acl=/api/1/1/3/c/1/0/3c19a82aeffd2f6f6adb63c4d8548e06.mp3*~data=user_id=0,application_id=42~hmac=0c61e3147121dd98a5fa3e4dd52498734b5e373a4b0ebff903356de8a500a15e',NULL),(146,'Party Monster',16,'136889402','4:11',NULL,'https://cdnt-preview.dzcdn.net/api/1/1/1/7/a/0/17a3c6c6e495ad5ef1c921d2000b9e66.mp3?hdnea=exp=1764919092~acl=/api/1/1/1/7/a/0/17a3c6c6e495ad5ef1c921d2000b9e66.mp3*~data=user_id=0,application_id=42~hmac=59775019f7dbfca308ec88cc48458ef1ce83b1979133ea1bb4d0d7ec946ecfe3',NULL),(147,'False Alarm',16,'136889404','3:40',NULL,'https://cdnt-preview.dzcdn.net/api/1/1/f/6/2/0/f62f31f4d39ec89c664144016195aef4.mp3?hdnea=exp=1764919092~acl=/api/1/1/f/6/2/0/f62f31f4d39ec89c664144016195aef4.mp3*~data=user_id=0,application_id=42~hmac=f3e4c31bf9bf1d67830cc95a2bbc6906941a692efac2edfa1aa29301a5019965',NULL),(148,'Reminder',16,'136889406','3:39',NULL,'https://cdnt-preview.dzcdn.net/api/1/1/2/c/9/0/2c913287565e8327f9a02001212cd02d.mp3?hdnea=exp=1764919092~acl=/api/1/1/2/c/9/0/2c913287565e8327f9a02001212cd02d.mp3*~data=user_id=0,application_id=42~hmac=e4011424d787b9db117f7b5c8d9b336cd81f8f202a17e4e82f1aa547760268d9',NULL),(149,'Rockin’',16,'136889408','3:53',NULL,'https://cdnt-preview.dzcdn.net/api/1/1/e/f/a/0/efad7aa1da65b0a277cbc78a67b25374.mp3?hdnea=exp=1764919092~acl=/api/1/1/e/f/a/0/efad7aa1da65b0a277cbc78a67b25374.mp3*~data=user_id=0,application_id=42~hmac=dcb1434c0f90a8e9825363d586a7c27c0b4d452882afbfb61cd2ebee999df785',NULL),(150,'Secrets',16,'136889410','4:25',NULL,'https://cdnt-preview.dzcdn.net/api/1/1/a/0/b/0/a0b360b5c8d16c7c850d6a977b481599.mp3?hdnea=exp=1764919092~acl=/api/1/1/a/0/b/0/a0b360b5c8d16c7c850d6a977b481599.mp3*~data=user_id=0,application_id=42~hmac=d5dd1f7c94051d05fe07f0283785f2162ecabe903c354320bb81a29637b61f29',NULL),(151,'True Colors',16,'136889412','3:26',NULL,'https://cdnt-preview.dzcdn.net/api/1/1/0/8/f/0/08f9d954f2efdfee76c4998017e21630.mp3?hdnea=exp=1764919092~acl=/api/1/1/0/8/f/0/08f9d954f2efdfee76c4998017e21630.mp3*~data=user_id=0,application_id=42~hmac=a17ca632e77682b15fb85c50b33e9a4a9d68bf7a15addd9befdfbbfae07fac21',NULL),(152,'Stargirl Interlude',16,'136889414','1:51',NULL,'https://cdnt-preview.dzcdn.net/api/1/1/2/2/a/0/22ae6bacae83a1133b2245a89b4a627c.mp3?hdnea=exp=1764919092~acl=/api/1/1/2/2/a/0/22ae6bacae83a1133b2245a89b4a627c.mp3*~data=user_id=0,application_id=42~hmac=d52328b81f74e2e08e3e55c5c219b9e2b7833d242da0d64d43f7ca3373c0a603',NULL),(153,'Sidewalks',16,'136889416','3:51',NULL,'https://cdnt-preview.dzcdn.net/api/1/1/f/6/5/0/f6507414c135da6cbbd25c2683890278.mp3?hdnea=exp=1764919092~acl=/api/1/1/f/6/5/0/f6507414c135da6cbbd25c2683890278.mp3*~data=user_id=0,application_id=42~hmac=4b2580a3556f1e5196cdbc986d319f602bf1d69bc79089d0dc5041282b31212f',NULL),(154,'Six Feet Under',16,'136889418','3:57',NULL,'https://cdnt-preview.dzcdn.net/api/1/1/b/e/d/0/bedaf8520c0e14f9fbb447d89834dc48.mp3?hdnea=exp=1764919092~acl=/api/1/1/b/e/d/0/bedaf8520c0e14f9fbb447d89834dc48.mp3*~data=user_id=0,application_id=42~hmac=773b00cfe54dc2ecf0337d183e897108c9a6965a7b3fa76d576f7fd546b6eb06',NULL),(155,'Love To Lay',16,'136889420','3:43',NULL,'https://cdnt-preview.dzcdn.net/api/1/1/2/7/5/0/275ff43d375cb601af71b9abd6b2fde3.mp3?hdnea=exp=1764919092~acl=/api/1/1/2/7/5/0/275ff43d375cb601af71b9abd6b2fde3.mp3*~data=user_id=0,application_id=42~hmac=cfb1efba061b143637c8dbbe63ca3d82cfdc76c8c37ef6652a5919d01c341235',NULL),(156,'A Lonely Night',16,'136889422','3:40',NULL,'https://cdnt-preview.dzcdn.net/api/1/1/5/0/1/0/501d0aa386a814c61cc4c215fb7c359b.mp3?hdnea=exp=1764919092~acl=/api/1/1/5/0/1/0/501d0aa386a814c61cc4c215fb7c359b.mp3*~data=user_id=0,application_id=42~hmac=9e7788b7c65460bebf42bc29389bc7ef8e4a328a7d397278b76bd6c4b3c8dba4',NULL),(157,'Attention',16,'136889424','3:17',NULL,'https://cdnt-preview.dzcdn.net/api/1/1/6/1/4/0/614c867fb6856da04ce31fa05fc48071.mp3?hdnea=exp=1764919092~acl=/api/1/1/6/1/4/0/614c867fb6856da04ce31fa05fc48071.mp3*~data=user_id=0,application_id=42~hmac=7eeeabf302dcaad28eb31a4972b18963ab4083423d5d95c5bdadee4e06bce075',NULL),(158,'Ordinary Life',16,'136889426','3:42',NULL,'https://cdnt-preview.dzcdn.net/api/1/1/b/3/c/0/b3cf530977541663f06c3f642710bc80.mp3?hdnea=exp=1764919092~acl=/api/1/1/b/3/c/0/b3cf530977541663f06c3f642710bc80.mp3*~data=user_id=0,application_id=42~hmac=020a0ef1c916f3e6f61081ef13795ceb09b58f7037e7df82de695506d9a06bcf',NULL),(159,'Nothing Without You',16,'136889428','3:18',NULL,'https://cdnt-preview.dzcdn.net/api/1/1/a/9/b/0/a9bb272b2b87431fae034e2056ac99e8.mp3?hdnea=exp=1764919092~acl=/api/1/1/a/9/b/0/a9bb272b2b87431fae034e2056ac99e8.mp3*~data=user_id=0,application_id=42~hmac=c546ea7a8a08538f2cb836003afae712e210df449e47be83875229baa5392e3a',NULL),(160,'All I Know',16,'136889430','5:21',NULL,'https://cdnt-preview.dzcdn.net/api/1/1/1/0/3/0/1031fe36ba3c5651fc798386f524677d.mp3?hdnea=exp=1764919092~acl=/api/1/1/1/0/3/0/1031fe36ba3c5651fc798386f524677d.mp3*~data=user_id=0,application_id=42~hmac=0398f2d769bd55506f84c4ee73a2d2ef19ebe17acc154c2db012777bd8287d97',NULL),(161,'Die For You',16,'136889432','4:20',NULL,'https://cdnt-preview.dzcdn.net/api/1/1/a/2/1/0/a21b95575bfee1b46a48db77b7d9e752.mp3?hdnea=exp=1764919092~acl=/api/1/1/a/2/1/0/a21b95575bfee1b46a48db77b7d9e752.mp3*~data=user_id=0,application_id=42~hmac=b3ea03128f2f7fd5351c2a2ff74d0372b6121b8ea5d7d17ee605215a6f286574',NULL),(162,'I Feel It Coming',16,'136889434','4:29',NULL,'https://cdnt-preview.dzcdn.net/api/1/1/6/4/9/0/64964cf78e664f63594a3190e1e834eb.mp3?hdnea=exp=1764919092~acl=/api/1/1/6/4/9/0/64964cf78e664f63594a3190e1e834eb.mp3*~data=user_id=0,application_id=42~hmac=cc946de3a0f12084dd60bed9af584c9ede1931ee0bb6383d972dfc8cc0533587',NULL),(163,'Ambitionz Az A Ridah',17,'1510292492','4:38',NULL,'https://cdnt-preview.dzcdn.net/api/1/1/4/e/0/0/4e01c21ab8af389d93d06ab6872c3420.mp3?hdnea=exp=1764919093~acl=/api/1/1/4/e/0/0/4e01c21ab8af389d93d06ab6872c3420.mp3*~data=user_id=0,application_id=42~hmac=fc7bfdb28d98b638a08dcaef0ac2bb6a1b56af5d8969c625444e43fdf3e11f60',NULL),(164,'All About U',17,'1510292502','4:36',NULL,'https://cdnt-preview.dzcdn.net/api/1/1/0/b/7/0/0b7f370faf848f79edd3688f93c5083b.mp3?hdnea=exp=1764919093~acl=/api/1/1/0/b/7/0/0b7f370faf848f79edd3688f93c5083b.mp3*~data=user_id=0,application_id=42~hmac=200bf5370a24e8dc7578f21b6ecfc80e19b22d1ba95c110c11c9b2d9578d4a73',NULL),(165,'Skandalouz',17,'1510292522','4:08',NULL,'https://cdnt-preview.dzcdn.net/api/1/1/5/5/a/0/55a05b56ca4b638a2aa2125cad3b168d.mp3?hdnea=exp=1764919093~acl=/api/1/1/5/5/a/0/55a05b56ca4b638a2aa2125cad3b168d.mp3*~data=user_id=0,application_id=42~hmac=59735bb7d14bf88909faea0c3fe0a2f55303c482d0278bb9e1683dc468a02b60',NULL),(166,'Got My Mind Made Up',17,'1510292532','5:12',NULL,'https://cdnt-preview.dzcdn.net/api/1/1/c/b/f/0/cbf0c4f9987a0b20054e12805b5d337d.mp3?hdnea=exp=1764919093~acl=/api/1/1/c/b/f/0/cbf0c4f9987a0b20054e12805b5d337d.mp3*~data=user_id=0,application_id=42~hmac=bcaf6e42f76d76755dacebccbc7e2b3f9f570853c3ac21059f0b85f52f3dfea2',NULL),(167,'How Do U Want It',17,'1510292542','4:47',NULL,'https://cdnt-preview.dzcdn.net/api/1/1/1/0/e/0/10e8bbc59b84018800418959a522b40a.mp3?hdnea=exp=1764919093~acl=/api/1/1/1/0/e/0/10e8bbc59b84018800418959a522b40a.mp3*~data=user_id=0,application_id=42~hmac=408a28d22ffd6a13dcc67ffecc8a1993aab2290f60947beaf4b3c4c54a5aa7c0',NULL),(168,'2 Of Amerikaz Most Wanted',17,'1510292552','4:06',NULL,'https://cdnt-preview.dzcdn.net/api/1/1/f/4/1/0/f41d6f07e2e9b8aa6cccb40e602d5cfa.mp3?hdnea=exp=1764919093~acl=/api/1/1/f/4/1/0/f41d6f07e2e9b8aa6cccb40e602d5cfa.mp3*~data=user_id=0,application_id=42~hmac=8b949663862a6096ce222c21f3d40ad7bf4eeac7de3a3c144bac8f92adeefb94',NULL),(169,'No More Pain',17,'1510292562','6:14',NULL,'https://cdnt-preview.dzcdn.net/api/1/1/4/d/a/0/4da5a991c3ad8bebd3dfcf420bb5e297.mp3?hdnea=exp=1764919093~acl=/api/1/1/4/d/a/0/4da5a991c3ad8bebd3dfcf420bb5e297.mp3*~data=user_id=0,application_id=42~hmac=93b17a2d58509daf769b9ef9850e444d1eb64a6113f80e5dcd60cf9bdacc71e9',NULL),(170,'Heartz Of Men',17,'1510292572','4:43',NULL,'https://cdnt-preview.dzcdn.net/api/1/1/e/3/d/0/e3dd2cb8d2db6098bfcda4276ab4c4d5.mp3?hdnea=exp=1764919093~acl=/api/1/1/e/3/d/0/e3dd2cb8d2db6098bfcda4276ab4c4d5.mp3*~data=user_id=0,application_id=42~hmac=a6889fe35b3d7b8e3d186904a2d4fa9964bdc009b310a488290713c7426c4f98',NULL),(171,'Life Goes On',17,'1510292582','5:01',NULL,'https://cdnt-preview.dzcdn.net/api/1/1/2/1/2/0/21216b432c49166563f9dbe492ff2535.mp3?hdnea=exp=1764919093~acl=/api/1/1/2/1/2/0/21216b432c49166563f9dbe492ff2535.mp3*~data=user_id=0,application_id=42~hmac=a13455bcefb9c6abbab7afe50e57cd81b043dee5d2d6c86b88ced831cfe4436e',NULL),(172,'Only God Can Judge Me',17,'1510292592','4:57',NULL,'https://cdnt-preview.dzcdn.net/api/1/1/6/f/7/0/6f7ef38fadbb1c23da070d9c234de957.mp3?hdnea=exp=1764919093~acl=/api/1/1/6/f/7/0/6f7ef38fadbb1c23da070d9c234de957.mp3*~data=user_id=0,application_id=42~hmac=fd6d4131c13b3dc18b6e8d039f178aa3160c43120f6e003cadca19a6bc2ffff5',NULL),(173,'Tradin\' War Stories',17,'1510292602','5:29',NULL,'https://cdnt-preview.dzcdn.net/api/1/1/7/d/6/0/7d6d5aa9dce639d4d9fb5fbb0a762c53.mp3?hdnea=exp=1764919093~acl=/api/1/1/7/d/6/0/7d6d5aa9dce639d4d9fb5fbb0a762c53.mp3*~data=user_id=0,application_id=42~hmac=7a71ca66b1b5a2cd1ca19285691aeb11ed2a4a30840dcbccaa72584f3a929a12',NULL),(174,'California Love (Remix)',17,'1510292622','6:24',NULL,'https://cdnt-preview.dzcdn.net/api/1/1/7/8/0/0/7806d0bffef9ddbcf7654b016aaf11c6.mp3?hdnea=exp=1764919093~acl=/api/1/1/7/8/0/0/7806d0bffef9ddbcf7654b016aaf11c6.mp3*~data=user_id=0,application_id=42~hmac=a919b790e1c752225179d17cc5d4579a5eb269298ac9a2f60c667633f9301237',NULL),(175,'I Ain\'t Mad At Cha',17,'1510292632','4:53',NULL,'https://cdnt-preview.dzcdn.net/api/1/1/3/1/3/0/313048ac7a1581efb92c9324fb160faf.mp3?hdnea=exp=1764919093~acl=/api/1/1/3/1/3/0/313048ac7a1581efb92c9324fb160faf.mp3*~data=user_id=0,application_id=42~hmac=fbf182c22956b02ad74a6d97834f3f704f0f576ba1ac60f4f73bb721d2273e47',NULL),(176,'What\'s Ya Phone #',17,'1510292642','5:09',NULL,'https://cdnt-preview.dzcdn.net/api/1/1/f/8/e/0/f8e1c57b32d43ae2bf6abeaeddf12138.mp3?hdnea=exp=1764919093~acl=/api/1/1/f/8/e/0/f8e1c57b32d43ae2bf6abeaeddf12138.mp3*~data=user_id=0,application_id=42~hmac=531353215fdb69a89d88e0f2c308fc8cab675b5c0d8052b29ff3927b0cb9e042',NULL),(177,'Can\'t C Me',17,'1510292652','5:30',NULL,'https://cdnt-preview.dzcdn.net/api/1/1/3/a/f/0/3afc9bb9e55c4411023ccb039db50a05.mp3?hdnea=exp=1764919093~acl=/api/1/1/3/a/f/0/3afc9bb9e55c4411023ccb039db50a05.mp3*~data=user_id=0,application_id=42~hmac=861d9baf5ccf3fcf919b12ab75b5099819037c047a1a9985e04cda65f0d5aaef',NULL),(178,'Shorty Wanna Be A Thug',17,'1510292662','3:51',NULL,'https://cdnt-preview.dzcdn.net/api/1/1/1/e/8/0/1e8760f8bf2ad14b35b41307a1a5873d.mp3?hdnea=exp=1764919093~acl=/api/1/1/1/e/8/0/1e8760f8bf2ad14b35b41307a1a5873d.mp3*~data=user_id=0,application_id=42~hmac=ad3e2c7576f18fc8a99aa9e2e9426b59eca14493f75b1714ab4914d0135c3114',NULL),(179,'Holla At Me',17,'1510292672','4:55',NULL,'https://cdnt-preview.dzcdn.net/api/1/1/7/5/d/0/75d2ed1e77f8692596723c2b2017ce6a.mp3?hdnea=exp=1764919093~acl=/api/1/1/7/5/d/0/75d2ed1e77f8692596723c2b2017ce6a.mp3*~data=user_id=0,application_id=42~hmac=5b3920685f3e004c09a3ac8da81154207e01e62cd39f1f4d80122be4b41d0116',NULL),(180,'Wonda Why They Call U Bytch',17,'1510292682','4:18',NULL,'https://cdnt-preview.dzcdn.net/api/1/1/5/c/2/0/5c2a68f4b74055fe7d059fb54047c2fc.mp3?hdnea=exp=1764919093~acl=/api/1/1/5/c/2/0/5c2a68f4b74055fe7d059fb54047c2fc.mp3*~data=user_id=0,application_id=42~hmac=fb67ee88b737213ae4cdf0ba8a9656df36a2e38a94945d5d5658fc72df9e3042',NULL),(181,'When We Ride',17,'1510292692','5:09',NULL,'https://cdnt-preview.dzcdn.net/api/1/1/c/0/6/0/c06d672979d6f8689acf49df53580745.mp3?hdnea=exp=1764919093~acl=/api/1/1/c/0/6/0/c06d672979d6f8689acf49df53580745.mp3*~data=user_id=0,application_id=42~hmac=241bbe112f96ff3dc07e8b317bcc50f0051b217ba67cc59a5e631a88a331b9b1',NULL),(182,'Thug Passion',17,'1510292702','5:07',NULL,'https://cdnt-preview.dzcdn.net/api/1/1/6/5/5/0/6550585a522f7cc271d525f4b39c4e1a.mp3?hdnea=exp=1764919093~acl=/api/1/1/6/5/5/0/6550585a522f7cc271d525f4b39c4e1a.mp3*~data=user_id=0,application_id=42~hmac=709cd840736d915e0ec1cf4fba000eb16710324905e4e5540f89b31da65ca83a',NULL),(183,'Picture Me Rollin\'',17,'1510292712','5:14',NULL,'https://cdnt-preview.dzcdn.net/api/1/1/6/8/f/0/68f2151a4751f4fe8a4d8540c733a376.mp3?hdnea=exp=1764919093~acl=/api/1/1/6/8/f/0/68f2151a4751f4fe8a4d8540c733a376.mp3*~data=user_id=0,application_id=42~hmac=0425a5cc054ac062019438d5687c428806d8f109f0b82d4e4993e9aaeb9a829b',NULL),(184,'Check Out Time',17,'1510292722','4:39',NULL,'https://cdnt-preview.dzcdn.net/api/1/1/0/6/6/0/066aa52bb1d9be4da911c44adb3cec24.mp3?hdnea=exp=1764919093~acl=/api/1/1/0/6/6/0/066aa52bb1d9be4da911c44adb3cec24.mp3*~data=user_id=0,application_id=42~hmac=f969a61f27992b72a815af2037e6bcae37fb3eb6c97a73d5bac82b2275999076',NULL),(185,'Ratha Be Ya Nigga',17,'1510292732','4:13',NULL,'https://cdnt-preview.dzcdn.net/api/1/1/7/8/a/0/78a423d88e15b202532b1c2a64457f1c.mp3?hdnea=exp=1764919093~acl=/api/1/1/7/8/a/0/78a423d88e15b202532b1c2a64457f1c.mp3*~data=user_id=0,application_id=42~hmac=6fea6c6b20434787dde606906e4971f9bcc6f5ff03d3cf2e4515440bb91eef2d',NULL),(186,'All Eyez On Me',17,'1510292742','5:07',NULL,'https://cdnt-preview.dzcdn.net/api/1/1/a/c/6/0/ac673b67ee87146bca81e3e49ddaed24.mp3?hdnea=exp=1764919093~acl=/api/1/1/a/c/6/0/ac673b67ee87146bca81e3e49ddaed24.mp3*~data=user_id=0,application_id=42~hmac=3924db59aa7df0691e3cfffa35e72ff17999899697e7763c791aea197502d93e',NULL),(187,'Run Tha Streetz',17,'1510292752','5:16',NULL,'https://cdnt-preview.dzcdn.net/api/1/1/e/7/2/0/e72e871b117b00facef1d71e53edf5a5.mp3?hdnea=exp=1764919093~acl=/api/1/1/e/7/2/0/e72e871b117b00facef1d71e53edf5a5.mp3*~data=user_id=0,application_id=42~hmac=86cb38cacc9e45c351bc4a52a5c8b2082ae53fd64d3b46d306fc5b2cc399bc54',NULL),(188,'HYAENA',18,'2386586015','3:42',NULL,'https://cdnt-preview.dzcdn.net/api/1/1/a/9/b/0/a9b20759828ddcd17b5ea7b4f3b6d558.mp3?hdnea=exp=1764919094~acl=/api/1/1/a/9/b/0/a9b20759828ddcd17b5ea7b4f3b6d558.mp3*~data=user_id=0,application_id=42~hmac=14dae824dd48a47323a071c970073cc5792524db6bf03ac55aaf21c449a96ddb',NULL),(189,'THANK GOD',18,'2386586025','3:04',NULL,'https://cdnt-preview.dzcdn.net/api/1/1/7/8/b/0/78b30c444866caecd2da14b751a77ddf.mp3?hdnea=exp=1764919094~acl=/api/1/1/7/8/b/0/78b30c444866caecd2da14b751a77ddf.mp3*~data=user_id=0,application_id=42~hmac=fddf7b91de8065c9adf40f5f8490d589eeaf1e839c4f543309fef46242540980',NULL),(190,'MODERN JAM (feat. Teezo Touchdown)',18,'2386586035','4:15',NULL,'https://cdnt-preview.dzcdn.net/api/1/1/3/3/6/0/3364592cf2e9b5052dd08a93899db8f3.mp3?hdnea=exp=1764919094~acl=/api/1/1/3/3/6/0/3364592cf2e9b5052dd08a93899db8f3.mp3*~data=user_id=0,application_id=42~hmac=2f89ac6eaa5041200f2d000ad11e7b37dac9d64e542bfc8a6ba45e27e3499812',NULL),(191,'MY EYES',18,'2386586045','4:11',NULL,'https://cdnt-preview.dzcdn.net/api/1/1/1/8/8/0/188200dafe673bb689b5ae2805f2e7a7.mp3?hdnea=exp=1764919094~acl=/api/1/1/1/8/8/0/188200dafe673bb689b5ae2805f2e7a7.mp3*~data=user_id=0,application_id=42~hmac=384ad749cc40b476dc55abcbe10edc2cb352041133d86d215b772546bba99488',NULL),(192,'GOD\'S COUNTRY',18,'2386586055','2:07',NULL,'https://cdnt-preview.dzcdn.net/api/1/1/7/3/3/0/7332f25ee7317928087e57164bec1932.mp3?hdnea=exp=1764919094~acl=/api/1/1/7/3/3/0/7332f25ee7317928087e57164bec1932.mp3*~data=user_id=0,application_id=42~hmac=60066f7038dc42b710cf0e6f53d8b2a8a4c13ea651021c55d76457983d8ada08',NULL),(193,'SIRENS',18,'2386586065','3:24',NULL,'https://cdnt-preview.dzcdn.net/api/1/1/e/7/c/0/e7c8ea4259d82c5499a83b6cb0ec41ca.mp3?hdnea=exp=1764919094~acl=/api/1/1/e/7/c/0/e7c8ea4259d82c5499a83b6cb0ec41ca.mp3*~data=user_id=0,application_id=42~hmac=c95c77aa0c2145ae1d7c3e39093a32840d617e60df6329adf8202a3a8b4b7baf',NULL),(194,'MELTDOWN (feat. Drake)',18,'2386586075','4:06',NULL,'https://cdnt-preview.dzcdn.net/api/1/1/a/e/d/0/aed443f26468d074264d84aede6b8c0f.mp3?hdnea=exp=1764919094~acl=/api/1/1/a/e/d/0/aed443f26468d074264d84aede6b8c0f.mp3*~data=user_id=0,application_id=42~hmac=60dab66b39821c8a2f33b533528820771cc63369f062766c7644533c228c0b2e',NULL),(195,'FE!N (feat. Playboi Carti)',18,'2386586085','3:11',NULL,'https://cdnt-preview.dzcdn.net/api/1/1/0/2/7/0/02700631951a33db90a0024531e2378d.mp3?hdnea=exp=1764919094~acl=/api/1/1/0/2/7/0/02700631951a33db90a0024531e2378d.mp3*~data=user_id=0,application_id=42~hmac=e28c04144c33d503353d83cfaf310d672b70f602cd91fac215dec323cf901f1a',NULL),(196,'DELRESTO (ECHOES) (feat. Beyoncé)',18,'2386586095','4:34',NULL,'https://cdnt-preview.dzcdn.net/api/1/1/5/f/2/0/5f28e1e7b206ba51b76a1b8787e2f70a.mp3?hdnea=exp=1764919094~acl=/api/1/1/5/f/2/0/5f28e1e7b206ba51b76a1b8787e2f70a.mp3*~data=user_id=0,application_id=42~hmac=2db26ad56b301409cd0adf8535840a26f5d3d0aaf931a3c0b6d0784ab5971531',NULL),(197,'I KNOW ?',18,'2386586105','3:31',NULL,'https://cdnt-preview.dzcdn.net/api/1/1/9/e/7/0/9e79ca53ba0e2b159e96cf606a39a8b8.mp3?hdnea=exp=1764919094~acl=/api/1/1/9/e/7/0/9e79ca53ba0e2b159e96cf606a39a8b8.mp3*~data=user_id=0,application_id=42~hmac=38b1e8646eb9b57078dbc0c1277200d19031754d7eeae2f78dab1b78f707bf44',NULL),(198,'TOPIA TWINS (feat. Rob49 & 21 Savage)',18,'2386586115','3:43',NULL,'https://cdnt-preview.dzcdn.net/api/1/1/5/f/8/0/5f828096bb48daf4cdbae11d3a8a02df.mp3?hdnea=exp=1764919094~acl=/api/1/1/5/f/8/0/5f828096bb48daf4cdbae11d3a8a02df.mp3*~data=user_id=0,application_id=42~hmac=42b17f4a5e3f81ce139df82d964297a81de106e3c23a6dd2595a3e47ebd2d47e',NULL),(199,'CIRCUS MAXIMUS (feat. The Weeknd & Swae Lee)',18,'2386586125','4:18',NULL,'https://cdnt-preview.dzcdn.net/api/1/1/b/e/5/0/be5aed5be944c6f3d388b8b55fecf993.mp3?hdnea=exp=1764919094~acl=/api/1/1/b/e/5/0/be5aed5be944c6f3d388b8b55fecf993.mp3*~data=user_id=0,application_id=42~hmac=e3fe48e54602eb917f0cca9ace295600a53f6f8000904459aa0ce10f8a42c46f',NULL),(200,'PARASAIL (feat. Yung Lean & Dave Chappelle)',18,'2386586135','2:34',NULL,'https://cdnt-preview.dzcdn.net/api/1/1/9/9/3/0/9932a66888a945f8244acea64b001101.mp3?hdnea=exp=1764919094~acl=/api/1/1/9/9/3/0/9932a66888a945f8244acea64b001101.mp3*~data=user_id=0,application_id=42~hmac=bc5de23341d189992971e23bbfb664ff2ec6a00e537186639fa1471285391544',NULL),(201,'SKITZO (feat. Young Thug)',18,'2386586145','6:06',NULL,'https://cdnt-preview.dzcdn.net/api/1/1/a/c/0/0/ac086eb2871488783199c1d91f33dbad.mp3?hdnea=exp=1764919094~acl=/api/1/1/a/c/0/0/ac086eb2871488783199c1d91f33dbad.mp3*~data=user_id=0,application_id=42~hmac=7f732ec1941ba9148fb2912a60861d8c10d416f097ef43c2932de4af38bc91e2',NULL),(202,'LOST FOREVER (feat. Westside Gunn)',18,'2386586155','2:43',NULL,'https://cdnt-preview.dzcdn.net/api/1/1/2/a/c/0/2ac8f26a88229d862a1d5f2c8ab6f296.mp3?hdnea=exp=1764919094~acl=/api/1/1/2/a/c/0/2ac8f26a88229d862a1d5f2c8ab6f296.mp3*~data=user_id=0,application_id=42~hmac=27237ab824657b0690737abf99b5f1f3e0a3ab35b71f3b196fbcff6aa7b59602',NULL),(203,'LOOOVE (feat. Kid Cudi)',18,'2386586165','3:46',NULL,'https://cdnt-preview.dzcdn.net/api/1/1/3/2/9/0/3298fdc0e7e8ee2e1975dde3fa093400.mp3?hdnea=exp=1764919094~acl=/api/1/1/3/2/9/0/3298fdc0e7e8ee2e1975dde3fa093400.mp3*~data=user_id=0,application_id=42~hmac=af7792290fdc1e936abee27399d79f5f9b1a1f440d92e29987c4482706735045',NULL),(204,'K-POP (feat. Bad Bunny & The Weeknd)',18,'2386586175','3:05',NULL,'https://cdnt-preview.dzcdn.net/api/1/1/a/0/b/0/a0b7fe82a6babe20c8e09d44ee9af4da.mp3?hdnea=exp=1764919094~acl=/api/1/1/a/0/b/0/a0b7fe82a6babe20c8e09d44ee9af4da.mp3*~data=user_id=0,application_id=42~hmac=bdd22498e573308c06e7986b0c8c9e317803a2b288d31ef7e60cc693a100b726',NULL),(205,'TELEKINESIS (feat. SZA & Future)',18,'2386586185','5:53',NULL,'https://cdnt-preview.dzcdn.net/api/1/1/5/9/d/0/59dc18cc9647c2878e0b5b453833a746.mp3?hdnea=exp=1764919094~acl=/api/1/1/5/9/d/0/59dc18cc9647c2878e0b5b453833a746.mp3*~data=user_id=0,application_id=42~hmac=756c7643927aa7b0fd1da032474ce736ebd76b612339f5f1f0ccd50818c9b1c8',NULL),(206,'TIL FURTHER NOTICE (feat. James Blake & 21 Savage)',18,'2386586195','5:14',NULL,'https://cdnt-preview.dzcdn.net/api/1/1/c/a/1/0/ca11b0334cc356b4e0e9fe8feca8702b.mp3?hdnea=exp=1764919094~acl=/api/1/1/c/a/1/0/ca11b0334cc356b4e0e9fe8feca8702b.mp3*~data=user_id=0,application_id=42~hmac=92259dbc1488e7541f2ae09768dabde701164f574c1800f7f2bb5fec1bc65aeb',NULL),(207,'That Way',19,'3678373232','1:56',NULL,'https://cdnt-preview.dzcdn.net/api/1/1/e/3/c/0/e3c96c9916ab3115171b34a372538d9a.mp3?hdnea=exp=1764919095~acl=/api/1/1/e/3/c/0/e3c96c9916ab3115171b34a372538d9a.mp3*~data=user_id=0,application_id=42~hmac=e50fadc0b3a90351692efdf2d62ec4cd1e19a5b65a79e64cf1789a78854038ea',NULL),(208,'Racetrack',19,'3678373242','1:32',NULL,'https://cdnt-preview.dzcdn.net/api/1/1/1/c/4/0/1c48ef076f896cf16063e682d1d76dd6.mp3?hdnea=exp=1764919095~acl=/api/1/1/1/c/4/0/1c48ef076f896cf16063e682d1d76dd6.mp3*~data=user_id=0,application_id=42~hmac=c5d2911fe12f320f90d9034c761a7a69ef17887e0e6b9d5787a27947d54dc7e2',NULL),(209,'Hop In The Ride',19,'3678373252','2:22',NULL,'https://cdnt-preview.dzcdn.net/api/1/1/c/f/5/0/cf5256171201d0337f1e9030300b220d.mp3?hdnea=exp=1764919095~acl=/api/1/1/c/f/5/0/cf5256171201d0337f1e9030300b220d.mp3*~data=user_id=0,application_id=42~hmac=2afc5253298d73c7a08a9b0b7627a6c9da9d3705314af6426ee346eba695c50a',NULL),(210,'Soul Hunt',19,'3678373262','2:20',NULL,'https://cdnt-preview.dzcdn.net/api/1/1/8/6/7/0/867e3f109fc1ea124b210d6cb09fd861.mp3?hdnea=exp=1764919095~acl=/api/1/1/8/6/7/0/867e3f109fc1ea124b210d6cb09fd861.mp3*~data=user_id=0,application_id=42~hmac=54bf6f7318833c5ee7afbe8be382bff88252d7f2d26760d890d7f0acb655d6b8',NULL),(211,'Need That',19,'3678373272','2:20',NULL,'https://cdnt-preview.dzcdn.net/api/1/1/5/2/8/0/5283404dc67e2b17ab67d5005dbca28c.mp3?hdnea=exp=1764919095~acl=/api/1/1/5/2/8/0/5283404dc67e2b17ab67d5005dbca28c.mp3*~data=user_id=0,application_id=42~hmac=747d133e871340d7fa1e038913627e939a216c74108679325736e41b0152c8de',NULL),(212,'Dance Dance',19,'3678373282','2:12',NULL,'https://cdnt-preview.dzcdn.net/api/1/1/f/5/8/0/f580b8f27ab5bb535fd22370b99427e9.mp3?hdnea=exp=1764919095~acl=/api/1/1/f/5/8/0/f580b8f27ab5bb535fd22370b99427e9.mp3*~data=user_id=0,application_id=42~hmac=eda37550fa50eecc4c612f70bab4072a1660cd7a6c4b1c2429c86bbf329f402f',NULL),(213,'Tonights the night',19,'3678373292','1:52',NULL,'https://cdnt-preview.dzcdn.net/api/1/1/6/9/d/0/69d3b1c3fd9e7ea9f34991601f892c04.mp3?hdnea=exp=1764919095~acl=/api/1/1/6/9/d/0/69d3b1c3fd9e7ea9f34991601f892c04.mp3*~data=user_id=0,application_id=42~hmac=832e3b4967b21d805cddef85ff848963082ee9da54d5d2e58fc447fa94d15a83',NULL),(214,'Head Ahh',19,'3678373302','1:20',NULL,'https://cdnt-preview.dzcdn.net/api/1/1/d/4/f/0/d4f67361ba13a9046a0323c54ee8ac52.mp3?hdnea=exp=1764919095~acl=/api/1/1/d/4/f/0/d4f67361ba13a9046a0323c54ee8ac52.mp3*~data=user_id=0,application_id=42~hmac=cb4dc914335826dd2a67bca10757990561d70ab7d4537215bab07f1b5bd63472',NULL),(215,'Pushups',19,'3678373312','2:46',NULL,'https://cdnt-preview.dzcdn.net/api/1/1/5/e/2/0/5e2b340e5ad3309d0cf9d71810b526ae.mp3?hdnea=exp=1764919095~acl=/api/1/1/5/e/2/0/5e2b340e5ad3309d0cf9d71810b526ae.mp3*~data=user_id=0,application_id=42~hmac=12dc717a1dfa8645c24448d5d535b7dc6b901a9e95f4365c9027d8a6830133c9',NULL),(216,'Hi',19,'3678373322','2:02',NULL,'https://cdnt-preview.dzcdn.net/api/1/1/e/d/b/0/edb93785ff162f005b001867f12df2d7.mp3?hdnea=exp=1764919095~acl=/api/1/1/e/d/b/0/edb93785ff162f005b001867f12df2d7.mp3*~data=user_id=0,application_id=42~hmac=e1d44872747eb8e02e2617a0e926f32d343ce0352281f23d5331cc138aec9bc8',NULL),(217,'6\'2',19,'3678373332','1:42',NULL,'https://cdnt-preview.dzcdn.net/api/1/1/d/c/3/0/dc3b6d66a5a7c78771df3e52a7b786ab.mp3?hdnea=exp=1764919095~acl=/api/1/1/d/c/3/0/dc3b6d66a5a7c78771df3e52a7b786ab.mp3*~data=user_id=0,application_id=42~hmac=681d09dafff7933dd9f1f049345e7a4566d2f7ad76ae44048c03c6dca2744b5d',NULL),(218,'Bobo\'s Chicken',19,'3678373342','1:32',NULL,'https://cdnt-preview.dzcdn.net/api/1/1/a/d/5/0/ad5f44c096f8b3e778995d1b0d197f72.mp3?hdnea=exp=1764919095~acl=/api/1/1/a/d/5/0/ad5f44c096f8b3e778995d1b0d197f72.mp3*~data=user_id=0,application_id=42~hmac=e3d6233bcc5dba9ddcbf089caebe59d0032db9c2302040ea509d4b03b8d86311',NULL),(219,'Scooby Doo',19,'3678373352','1:13',NULL,'https://cdnt-preview.dzcdn.net/api/1/1/e/4/b/0/e4b231553a8690ea906e13785dcd2559.mp3?hdnea=exp=1764919095~acl=/api/1/1/e/4/b/0/e4b231553a8690ea906e13785dcd2559.mp3*~data=user_id=0,application_id=42~hmac=1878c92ab657410fe4833f06733084d6edece7232b5848b0fb82fc83c6e1d81e',NULL),(220,'KRYPTONITE',20,'2863761182','3:02',NULL,'https://cdnt-preview.dzcdn.net/api/1/1/8/a/f/0/8afc768f482f9acf77e626ee5ed6ace2.mp3?hdnea=exp=1764919096~acl=/api/1/1/8/a/f/0/8afc768f482f9acf77e626ee5ed6ace2.mp3*~data=user_id=0,application_id=42~hmac=4cc57bf5a0f53453e4f35ad9fc30a5248a3fa751639767c0c665b520bd8f9884',NULL),(221,'TORE UP',20,'2863761192','2:06',NULL,'https://cdnt-preview.dzcdn.net/api/1/1/4/1/8/0/4184c7ce65d2daa718d1ea316a2d3c02.mp3?hdnea=exp=1764919096~acl=/api/1/1/4/1/8/0/4184c7ce65d2daa718d1ea316a2d3c02.mp3*~data=user_id=0,application_id=42~hmac=11ac3c8a84e8ea14d9937c75bc950c4a861d4b39bcdc3ecefe1db3285b8ff694',NULL),(222,'BROTHER STONE (FEAT. KODAK BLACK)',20,'2863761202','3:22',NULL,'https://cdnt-preview.dzcdn.net/api/1/1/7/2/7/0/727d798f516c815c083d87d89d54d4ed.mp3?hdnea=exp=1764919096~acl=/api/1/1/7/2/7/0/727d798f516c815c083d87d89d54d4ed.mp3*~data=user_id=0,application_id=42~hmac=35820e5e81a34eb58637607962043c9dddd305aff86279f8af0f7fcee46628f3',NULL),(223,'ATTITUDE (FEAT. CHARLIE WILSON & CASH COBAIN)',20,'2863761212','2:41',NULL,'https://cdnt-preview.dzcdn.net/api/1/1/3/7/4/0/3747851fe1878dc0dafe2c62c644fc32.mp3?hdnea=exp=1764919096~acl=/api/1/1/3/7/4/0/3747851fe1878dc0dafe2c62c644fc32.mp3*~data=user_id=0,application_id=42~hmac=1f113dd5618d052f2b01ceb48c88907962118b61e0b7729ee7c52f30bc1ce0b2',NULL),(224,'BANDIT',20,'2863761222','2:27',NULL,'https://cdnt-preview.dzcdn.net/api/1/1/4/4/c/0/44c8d5d52ae3fa5c08ebd8d29075d297.mp3?hdnea=exp=1764919096~acl=/api/1/1/4/4/c/0/44c8d5d52ae3fa5c08ebd8d29075d297.mp3*~data=user_id=0,application_id=42~hmac=5b5fbb570b06d06483b6e75d1a5717808fbc4e37cfe3955d288515f3b3d4aa79',NULL),(225,'GLOCK',20,'2863761232','3:48',NULL,'https://cdnt-preview.dzcdn.net/api/1/1/6/b/8/0/6b802b5f822210a06173b3f7bbb5c46d.mp3?hdnea=exp=1764919096~acl=/api/1/1/6/b/8/0/6b802b5f822210a06173b3f7bbb5c46d.mp3*~data=user_id=0,application_id=42~hmac=4ac687e98d36d629dcc23d4cded967e93abacdb1e908cc269be408ce8c048fda',NULL),(226,'ICE AGE (FEAT. TRAVIS SCOTT)',20,'2863761242','3:38',NULL,'https://cdnt-preview.dzcdn.net/api/1/1/e/2/1/0/e2197e437b11e3b2abf493cc25a5ef13.mp3?hdnea=exp=1764919096~acl=/api/1/1/e/2/1/0/e2197e437b11e3b2abf493cc25a5ef13.mp3*~data=user_id=0,application_id=42~hmac=82c1d239bb552684b0a4c95a40eaf196d62f33d016b9efffe0d42ba86ae7b13d',NULL),(227,'4X4',20,'2863761252','3:22',NULL,'https://cdnt-preview.dzcdn.net/api/1/1/9/3/c/0/93c45d32837a94af943ce03adcce5f5b.mp3?hdnea=exp=1764919096~acl=/api/1/1/9/3/c/0/93c45d32837a94af943ce03adcce5f5b.mp3*~data=user_id=0,application_id=42~hmac=9546b60124e24c7325413246fb99b541670cc4e35acdab628f59af86626e1044',NULL),(228,'PURPLE RAIN (FEAT. FUTURE & METRO BOOMIN)',20,'2863761262','3:27',NULL,'https://cdnt-preview.dzcdn.net/api/1/1/9/6/9/0/969570a656745657a482eb76b4c11525.mp3?hdnea=exp=1764919096~acl=/api/1/1/9/6/9/0/969570a656745657a482eb76b4c11525.mp3*~data=user_id=0,application_id=42~hmac=569951dfb11620a4c796631ef1937b2b91ef5a9911077ff03387cc548c7acf6b',NULL),(229,'NEW DROP',20,'2863761272','3:37',NULL,'https://cdnt-preview.dzcdn.net/api/1/1/a/b/4/0/ab45eaf5489122033f6eae782596db92.mp3?hdnea=exp=1764919096~acl=/api/1/1/a/b/4/0/ab45eaf5489122033f6eae782596db92.mp3*~data=user_id=0,application_id=42~hmac=a0bd9b5c3bdac0a5617161e4ac9b043ea45be791a9a57cfa0268b1be85ccf7aa',NULL),(230,'BACKSTREETS (FEAT. TEEZO TOUCHDOWN)',20,'2863761282','3:17',NULL,'https://cdnt-preview.dzcdn.net/api/1/1/8/a/a/0/8aa3710ae411956d1d50e8a0085311a2.mp3?hdnea=exp=1764919096~acl=/api/1/1/8/a/a/0/8aa3710ae411956d1d50e8a0085311a2.mp3*~data=user_id=0,application_id=42~hmac=79994121016cbdff432f9ba68fa373a4f0be61073a3653b0945e66e45a7bd49d',NULL),(231,'DEEP IN THE WATER',20,'2863761292','2:50',NULL,'https://cdnt-preview.dzcdn.net/api/1/1/b/2/7/0/b2746596c2a8bc0ef3cbf72e3626ec02.mp3?hdnea=exp=1764919096~acl=/api/1/1/b/2/7/0/b2746596c2a8bc0ef3cbf72e3626ec02.mp3*~data=user_id=0,application_id=42~hmac=7d7319568cc970f739dd8fe083ff7219c74a117e1cfe40e9488c63c7abe67bda',NULL),(232,'INSIDE (FEAT. TRAVIS SCOTT)',20,'2863761302','4:10',NULL,'https://cdnt-preview.dzcdn.net/api/1/1/5/3/3/0/533e228d16fe96b8f80046a10c6be9fe.mp3?hdnea=exp=1764919096~acl=/api/1/1/5/3/3/0/533e228d16fe96b8f80046a10c6be9fe.mp3*~data=user_id=0,application_id=42~hmac=e5a11792a704a08017933ea4143cc26e350de4d22aa1a7e581acf6ab73fd6073',NULL),(233,'5 TO 10',20,'2863761312','3:13',NULL,'https://cdnt-preview.dzcdn.net/api/1/1/3/5/4/0/354097ab26c2b35f08a2bdb050b24c2f.mp3?hdnea=exp=1764919096~acl=/api/1/1/3/5/4/0/354097ab26c2b35f08a2bdb050b24c2f.mp3*~data=user_id=0,application_id=42~hmac=d253c1458f6bbafb512b4126ba2fe841bbabe28f9eb1abeaceacb85f94454695',NULL),(234,'LAST LAUGH',20,'2863761322','4:01',NULL,'https://cdnt-preview.dzcdn.net/api/1/1/2/c/7/0/2c780fc561b2f8ad2d7d7eb297ecb6e1.mp3?hdnea=exp=1764919096~acl=/api/1/1/2/c/7/0/2c780fc561b2f8ad2d7d7eb297ecb6e1.mp3*~data=user_id=0,application_id=42~hmac=88c8d1aca6a2a0a61f8a9c03ca06e0563aea4354ffc343e94d2db7ef61850b5f',NULL),(235,'HARDSTONE NATIONAL ANTHEM',20,'2863761332','2:41',NULL,'https://cdnt-preview.dzcdn.net/api/1/1/e/9/0/0/e908522357be18410a3168c37935d679.mp3?hdnea=exp=1764919096~acl=/api/1/1/e/9/0/0/e908522357be18410a3168c37935d679.mp3*~data=user_id=0,application_id=42~hmac=217fbb848397780ddfeccc1fc898683f43c3c9eb6b4340f326e5163864c2d3c2',NULL),(236,'ROCKSTAR GIRL',20,'2863761342','2:57',NULL,'https://cdnt-preview.dzcdn.net/api/1/1/e/e/0/0/ee0299bc57827eb851b18aba77c9d72f.mp3?hdnea=exp=1764919096~acl=/api/1/1/e/e/0/0/ee0299bc57827eb851b18aba77c9d72f.mp3*~data=user_id=0,application_id=42~hmac=004b556b1b2200a2416c9469b04b53ea474dd06ff7d5ec343d8e93fc6d262f59',NULL),(237,'LOVE IS A DRUG',20,'2863761352','3:08',NULL,'https://cdnt-preview.dzcdn.net/api/1/1/f/4/b/0/f4bb1a7ae78139d6aa9eee4967910950.mp3?hdnea=exp=1764919096~acl=/api/1/1/f/4/b/0/f4bb1a7ae78139d6aa9eee4967910950.mp3*~data=user_id=0,application_id=42~hmac=52a76e4d64b7f2d5c344938d8ff140f8f14189b2d64cd4ca97bef9dcd300e5f0',NULL),(238,'DONNY DARKO (FEAT. LIL UZI VERT)',20,'2863761362','1:56',NULL,'https://cdnt-preview.dzcdn.net/api/1/1/7/d/5/0/7d5b36346a71c59b407da76d16de76c6.mp3?hdnea=exp=1764919096~acl=/api/1/1/7/d/5/0/7d5b36346a71c59b407da76d16de76c6.mp3*~data=user_id=0,application_id=42~hmac=eb20640212209939c3159c52f02e45c094c185d888bd6a7c4edc073df1722f74',NULL),(239,'GEEKED UP (FEAT. YEAT)',20,'2863761372','2:37',NULL,'https://cdnt-preview.dzcdn.net/api/1/1/2/4/e/0/24e037408bb62dddeef9c76db18873d5.mp3?hdnea=exp=1764919096~acl=/api/1/1/2/4/e/0/24e037408bb62dddeef9c76db18873d5.mp3*~data=user_id=0,application_id=42~hmac=fa5e70f3135ba73a2a5d45945aa0bb6a451957730a3d0cc3c28c5cc9f0ce7eb5',NULL),(240,'Flawlëss',21,'1902609227','2:56',NULL,'https://cdnt-preview.dzcdn.net/api/1/1/4/e/8/0/4e8ff370c5ac91049e24cd67a49f4cd0.mp3?hdnea=exp=1764919097~acl=/api/1/1/4/e/8/0/4e8ff370c5ac91049e24cd67a49f4cd0.mp3*~data=user_id=0,application_id=42~hmac=7ed6393fbbd70ad0971da812b7f2e8f8d39cb1918d0501346ca44a7a6504b5ac',NULL),(241,'Up off X',21,'1902609237','3:18',NULL,'https://cdnt-preview.dzcdn.net/api/1/1/f/7/6/0/f769e5e7ac1eacf19348a41a3b06ae0c.mp3?hdnea=exp=1764919097~acl=/api/1/1/f/7/6/0/f769e5e7ac1eacf19348a41a3b06ae0c.mp3*~data=user_id=0,application_id=42~hmac=4bb8ebffb5375937028a1f11223a0849c5ded53871d959ba0d1c5696f4bbec7a',NULL),(242,'Out thë way',21,'1902609247','2:30',NULL,'https://cdnt-preview.dzcdn.net/api/1/1/9/8/6/0/9869e0f137934449d28c1f1d4d1e545d.mp3?hdnea=exp=1764919097~acl=/api/1/1/9/8/6/0/9869e0f137934449d28c1f1d4d1e545d.mp3*~data=user_id=0,application_id=42~hmac=bffa25b5e0671f1ac9130187e01bfefeed6b449e158e5bb175be8fc3b9e62dbf',NULL),(243,'Wat it feel lykë',21,'1902609257','2:10',NULL,'https://cdnt-preview.dzcdn.net/api/1/1/d/3/3/0/d334546765a9ed6b7d658ee2cd018d49.mp3?hdnea=exp=1764919097~acl=/api/1/1/d/3/3/0/d334546765a9ed6b7d658ee2cd018d49.mp3*~data=user_id=0,application_id=42~hmac=89b2860bd7ba36ee56dc41931b280f9edbcf9b2b7a2d32c705aa920440da8a5a',NULL),(244,'Got it all',21,'1902609267','2:51',NULL,'https://cdnt-preview.dzcdn.net/api/1/1/1/2/8/0/12837477292d347258f2d746accdd72b.mp3?hdnea=exp=1764919097~acl=/api/1/1/1/2/8/0/12837477292d347258f2d746accdd72b.mp3*~data=user_id=0,application_id=42~hmac=512610d6d51edc8c0ba783408909c18d9facf69ca0f5f97d26455b843eca9742',NULL),(245,'Can’t stop it',21,'1902609277','2:12',NULL,'https://cdnt-preview.dzcdn.net/api/1/1/f/c/4/0/fc4291419dcd7dd42e9dace51da77a12.mp3?hdnea=exp=1764919097~acl=/api/1/1/f/c/4/0/fc4291419dcd7dd42e9dace51da77a12.mp3*~data=user_id=0,application_id=42~hmac=c2c1f98f8fc6441aafaf8189ee27e4ae93e27f95ddfee5bf48dcc78bb3061e0f',NULL),(246,'Krank',21,'1902609287','2:56',NULL,'https://cdnt-preview.dzcdn.net/api/1/1/7/6/1/0/761f1090cc22eb6ffe0b14f0e8cc9a5b.mp3?hdnea=exp=1764919097~acl=/api/1/1/7/6/1/0/761f1090cc22eb6ffe0b14f0e8cc9a5b.mp3*~data=user_id=0,application_id=42~hmac=80275ac7ca79e67f417e6a20cabfe60beedbd6a1cc3f00d91e8fb8ef1de1f6ea',NULL),(247,'Talk',21,'1902609297','2:54',NULL,'https://cdnt-preview.dzcdn.net/api/1/1/2/0/b/0/20bdd9189665bd193679ca8593d05c8d.mp3?hdnea=exp=1764919097~acl=/api/1/1/2/0/b/0/20bdd9189665bd193679ca8593d05c8d.mp3*~data=user_id=0,application_id=42~hmac=e244c865fc78d6d7b4177f5fa43f582fac2c1d25e165f2e05a67cf672fe2c6c1',NULL),(248,'Comë on',21,'1902609307','3:24',NULL,'https://cdnt-preview.dzcdn.net/api/1/1/2/9/c/0/29c7c0e4cc406ae0e9dcc1ebc522ebe7.mp3?hdnea=exp=1764919097~acl=/api/1/1/2/9/c/0/29c7c0e4cc406ae0e9dcc1ebc522ebe7.mp3*~data=user_id=0,application_id=42~hmac=e2dbfbe2f5cdbbe8de72a06716f4293bddf22f1b168f232d436e17ef7ad300ae',NULL),(249,'Systëm',21,'1902609317','2:46',NULL,'https://cdnt-preview.dzcdn.net/api/1/1/1/2/1/0/121dea57ccdf89ee9928ab72b33f8efa.mp3?hdnea=exp=1764919097~acl=/api/1/1/1/2/1/0/121dea57ccdf89ee9928ab72b33f8efa.mp3*~data=user_id=0,application_id=42~hmac=e48c475e2f3b94988a67293acbda58d14c5543fa08e9e043bc27c09eb5f5ba48',NULL),(250,'Holy 1',21,'1902609327','3:21',NULL,'https://cdnt-preview.dzcdn.net/api/1/1/f/1/f/0/f1f48014b6f424a24b3a50f675e8271f.mp3?hdnea=exp=1764919097~acl=/api/1/1/f/1/f/0/f1f48014b6f424a24b3a50f675e8271f.mp3*~data=user_id=0,application_id=42~hmac=eb5ab3edb74b73ed1394709efc031a6c3cebc55d5077617f7ba74fbc69487cc5',NULL),(251,'Killin ëm',21,'1902609337','2:52',NULL,'https://cdnt-preview.dzcdn.net/api/1/1/7/8/3/0/7837bf3a09582ff37762472b682a953b.mp3?hdnea=exp=1764919097~acl=/api/1/1/7/8/3/0/7837bf3a09582ff37762472b682a953b.mp3*~data=user_id=0,application_id=42~hmac=4fd42d2265a95f166c1b8131281255576ec6b5345ab354783df2540474a26901',NULL),(252,'Virginia Beach',22,'2486117521','4:11',NULL,'https://cdnt-preview.dzcdn.net/api/1/1/0/3/6/0/0365aef5f72331ff025ff8af18a445d3.mp3?hdnea=exp=1764919099~acl=/api/1/1/0/3/6/0/0365aef5f72331ff025ff8af18a445d3.mp3*~data=user_id=0,application_id=42~hmac=9f7e25c59e462db412bf1b92dfdaf83a215645cd06aaf112c83b139777b87d79',NULL),(253,'Amen',22,'2486117531','2:21',NULL,'https://cdnt-preview.dzcdn.net/api/1/1/e/4/a/0/e4a9c54de81c56fc8541e1db5f2b75c9.mp3?hdnea=exp=1764919099~acl=/api/1/1/e/4/a/0/e4a9c54de81c56fc8541e1db5f2b75c9.mp3*~data=user_id=0,application_id=42~hmac=5c4dc1287f7b8a9d2a69aa5f84baa14bec0ffa5caa539bceab06fc407887dc5a',NULL),(254,'Calling For You',22,'2486117541','4:46',NULL,'https://cdnt-preview.dzcdn.net/api/1/1/9/a/e/0/9ae3c8621576bc71562f864a8ae6bf54.mp3?hdnea=exp=1764919099~acl=/api/1/1/9/a/e/0/9ae3c8621576bc71562f864a8ae6bf54.mp3*~data=user_id=0,application_id=42~hmac=af51627356848546c098f3ab8bc6b06e02e20fbb0756bbeebc8d06609078febb',NULL),(255,'Fear Of Heights',22,'2486117551','2:35',NULL,'https://cdnt-preview.dzcdn.net/api/1/1/5/2/e/0/52ec1266e2f184950866bba8d8cc6aa4.mp3?hdnea=exp=1764919099~acl=/api/1/1/5/2/e/0/52ec1266e2f184950866bba8d8cc6aa4.mp3*~data=user_id=0,application_id=42~hmac=45c08f1544b8bb252f252ba2afd1a817d4408da035e628ee63ca379e5cce735a',NULL),(256,'Daylight',22,'2486117561','2:44',NULL,'https://cdnt-preview.dzcdn.net/api/1/1/2/2/3/0/2235228d6c1422f819a1dfe96be6b17d.mp3?hdnea=exp=1764919099~acl=/api/1/1/2/2/3/0/2235228d6c1422f819a1dfe96be6b17d.mp3*~data=user_id=0,application_id=42~hmac=e40458c0330a7955ca3843d39c3477a6fc9a9714528e253063e1ca1ad7e52e3c',NULL),(257,'First Person Shooter',22,'2486117571','4:07',NULL,'https://cdnt-preview.dzcdn.net/api/1/1/9/a/6/0/9a63d7a39b3dc0aa243acf3a6a928eb8.mp3?hdnea=exp=1764919099~acl=/api/1/1/9/a/6/0/9a63d7a39b3dc0aa243acf3a6a928eb8.mp3*~data=user_id=0,application_id=42~hmac=fa178653a21e9327ec181353bda41f97ea57fa20249375e815ae25ff6e3c39a9',NULL),(258,'IDGAF',22,'2486117581','4:20',NULL,'https://cdnt-preview.dzcdn.net/api/1/1/2/3/c/0/23cdc163a14413c809ed8821f201d97c.mp3?hdnea=exp=1764919099~acl=/api/1/1/2/3/c/0/23cdc163a14413c809ed8821f201d97c.mp3*~data=user_id=0,application_id=42~hmac=cfb1394dd49049afb49ca1a78c4194b608de354487b3d5fda748d61410bda0a8',NULL),(259,'7969 Santa',22,'2486117591','4:20',NULL,'https://cdnt-preview.dzcdn.net/api/1/1/e/2/1/0/e21e1b3154c9b76a1ff8bfb8b5a6cabc.mp3?hdnea=exp=1764919099~acl=/api/1/1/e/2/1/0/e21e1b3154c9b76a1ff8bfb8b5a6cabc.mp3*~data=user_id=0,application_id=42~hmac=7bcaccc7030985ec471af89a82c04ffe678128d957bf4ee18dad71a079403f6c',NULL),(260,'Slime You Out',22,'2486117601','5:10',NULL,'https://cdnt-preview.dzcdn.net/api/1/1/e/f/7/0/ef7fef5336078ae4ef1b2f8a7913e41f.mp3?hdnea=exp=1764919099~acl=/api/1/1/e/f/7/0/ef7fef5336078ae4ef1b2f8a7913e41f.mp3*~data=user_id=0,application_id=42~hmac=157c2d491adbb58c9bf4a8db3089cc8dcd78ccd2fec1c3e3b38547952e05c921',NULL),(261,'Bahamas Promises',22,'2486117611','3:04',NULL,'https://cdnt-preview.dzcdn.net/api/1/1/f/6/d/0/f6da36111e8083e651f19d3a1c58faf0.mp3?hdnea=exp=1764919099~acl=/api/1/1/f/6/d/0/f6da36111e8083e651f19d3a1c58faf0.mp3*~data=user_id=0,application_id=42~hmac=ab4a564c21a2fa211309bbf8567e6d20dbcadfe6cd7098f0bcba6bad1876859e',NULL),(262,'Tried Our Best',22,'2486117621','3:30',NULL,'https://cdnt-preview.dzcdn.net/api/1/1/0/5/e/0/05ed604454183f9767021e3e33f01535.mp3?hdnea=exp=1764919099~acl=/api/1/1/0/5/e/0/05ed604454183f9767021e3e33f01535.mp3*~data=user_id=0,application_id=42~hmac=5818817dcef3f9613b25acef577add227e098ab4ec29cf72a13ebeca81264870',NULL),(263,'Screw The World (Interlude)',22,'2486117631','1:52',NULL,'https://cdnt-preview.dzcdn.net/api/1/1/4/2/c/0/42c73fcf2ddf9be23fc62d3892177efa.mp3?hdnea=exp=1764919099~acl=/api/1/1/4/2/c/0/42c73fcf2ddf9be23fc62d3892177efa.mp3*~data=user_id=0,application_id=42~hmac=e1acd65a0302535ac6bbae1958a2c1edf25adc66bd0b03b122f5c68b2d1523a8',NULL),(264,'Drew A Picasso',22,'2486117641','4:23',NULL,'https://cdnt-preview.dzcdn.net/api/1/1/e/5/7/0/e578895d1fb404c55eb3e2db9a09d079.mp3?hdnea=exp=1764919099~acl=/api/1/1/e/5/7/0/e578895d1fb404c55eb3e2db9a09d079.mp3*~data=user_id=0,application_id=42~hmac=9cfb4b2b6aea0c352a70135683c0c3883a836199fde5c95b718a71f886fb0e67',NULL),(265,'Members Only',22,'2486117651','4:38',NULL,'https://cdnt-preview.dzcdn.net/api/1/1/c/4/7/0/c47e7e2af21c50c485e8ab4f69a6833e.mp3?hdnea=exp=1764919099~acl=/api/1/1/c/4/7/0/c47e7e2af21c50c485e8ab4f69a6833e.mp3*~data=user_id=0,application_id=42~hmac=a51691247dd99fcd6fcaf3d5b64f8f468eabadbfab224119741495c5777ce844',NULL),(266,'What Would Pluto Do',22,'2486117661','3:03',NULL,'https://cdnt-preview.dzcdn.net/api/1/1/2/8/3/0/283c083fa07a19d97d76e24fc655ab8a.mp3?hdnea=exp=1764919099~acl=/api/1/1/2/8/3/0/283c083fa07a19d97d76e24fc655ab8a.mp3*~data=user_id=0,application_id=42~hmac=72e0743016b7b408d4d9db7f5d0b603ebd41d8c13076a88f878b9186c16d1fc3',NULL),(267,'All The Parties',22,'2486117671','3:39',NULL,'https://cdnt-preview.dzcdn.net/api/1/1/1/a/1/0/1a13dd05f3ff4503e7333541e6eac4f8.mp3?hdnea=exp=1764919099~acl=/api/1/1/1/a/1/0/1a13dd05f3ff4503e7333541e6eac4f8.mp3*~data=user_id=0,application_id=42~hmac=8034f3941aed0fb1b499cf7326d2d93c08c225a7601dbba3bfd9460936458f46',NULL),(268,'8am in Charlotte',22,'2486117681','4:27',NULL,'https://cdnt-preview.dzcdn.net/api/1/1/1/6/b/0/16beffeba92031fcddc916929c577a94.mp3?hdnea=exp=1764919099~acl=/api/1/1/1/6/b/0/16beffeba92031fcddc916929c577a94.mp3*~data=user_id=0,application_id=42~hmac=4bc438a7a6ad516cfb5e3baf66da844a312f32965f49837fd347f25f0833caa7',NULL),(269,'BBL Love (Interlude)',22,'2486117691','2:41',NULL,'https://cdnt-preview.dzcdn.net/api/1/1/8/6/2/0/862779a48cd181491ad97dd6e716e121.mp3?hdnea=exp=1764919099~acl=/api/1/1/8/6/2/0/862779a48cd181491ad97dd6e716e121.mp3*~data=user_id=0,application_id=42~hmac=72bddb34b8d9cb1c068661f1c439e9595ff7c310b29e88286c98c5999c73e0fe',NULL),(270,'Gently',22,'2486117701','2:14',NULL,'https://cdnt-preview.dzcdn.net/api/1/1/5/a/6/0/5a68145a2c12223f75599d9f41d394dc.mp3?hdnea=exp=1764919099~acl=/api/1/1/5/a/6/0/5a68145a2c12223f75599d9f41d394dc.mp3*~data=user_id=0,application_id=42~hmac=5560cf14bdae65d2c902527d2bb92608b34d598b3d05f5f1916cb15734b7ecf0',NULL),(271,'Rich Baby Daddy',22,'2486117711','5:19',NULL,'https://cdnt-preview.dzcdn.net/api/1/1/c/7/f/0/c7f452be42181a050a57540cfd317f5e.mp3?hdnea=exp=1764919099~acl=/api/1/1/c/7/f/0/c7f452be42181a050a57540cfd317f5e.mp3*~data=user_id=0,application_id=42~hmac=7ca1a8a3af88687e22322b10091a00baf6108e0237d0bac353dd8f9917258bad',NULL),(272,'Another Late Night',22,'2486117721','2:50',NULL,'https://cdnt-preview.dzcdn.net/api/1/1/c/0/6/0/c06aa4d42a4838d17f1827b037e81327.mp3?hdnea=exp=1764919099~acl=/api/1/1/c/0/6/0/c06aa4d42a4838d17f1827b037e81327.mp3*~data=user_id=0,application_id=42~hmac=3cb77b6b29885ad18896b8f9ad306b838ab679ece978dfa46245a228c2556cbe',NULL),(273,'Away From Home',22,'2486117731','4:19',NULL,'https://cdnt-preview.dzcdn.net/api/1/1/6/a/d/0/6ad541fa83daf9f5f97f42734bd22422.mp3?hdnea=exp=1764919099~acl=/api/1/1/6/a/d/0/6ad541fa83daf9f5f97f42734bd22422.mp3*~data=user_id=0,application_id=42~hmac=0ab75f62602d32265bf834c9260899f3d5ec10aad8fb652ad62bda09cc20e620',NULL),(274,'Polar Opposites',22,'2486117741','4:17',NULL,'https://cdnt-preview.dzcdn.net/api/1/1/c/a/c/0/cacb080ee07494e605bacd1eded38fe6.mp3?hdnea=exp=1764919099~acl=/api/1/1/c/a/c/0/cacb080ee07494e605bacd1eded38fe6.mp3*~data=user_id=0,application_id=42~hmac=4a99b8bbf66967da375dd1ad9f9ccada012401b33d3333f330440ba1934fc9f4',NULL),(275,'Survival',23,'533609192','2:16',NULL,'https://cdnt-preview.dzcdn.net/api/1/1/f/7/7/0/f7775e2b85c57e75a575e16c89391399.mp3?hdnea=exp=1764919100~acl=/api/1/1/f/7/7/0/f7775e2b85c57e75a575e16c89391399.mp3*~data=user_id=0,application_id=42~hmac=7da8e2b99b15cf1a04061ea11497a18cd12ccfe55bfaa2bf435bd993efcc1c59',NULL),(276,'Nonstop',23,'533609202','3:59',NULL,'https://cdnt-preview.dzcdn.net/api/1/1/e/0/c/0/e0c1c5e0db941f3393239a64e8991376.mp3?hdnea=exp=1764919100~acl=/api/1/1/e/0/c/0/e0c1c5e0db941f3393239a64e8991376.mp3*~data=user_id=0,application_id=42~hmac=5e3fc3d601d8c4c2acb839698a2eca9dc5a202db95c0e59deccf30a1b27d1868',NULL),(277,'Elevate',23,'533609212','3:05',NULL,'https://cdnt-preview.dzcdn.net/api/1/1/e/5/0/0/e5073a23457be3341d02a781ba334abf.mp3?hdnea=exp=1764919100~acl=/api/1/1/e/5/0/0/e5073a23457be3341d02a781ba334abf.mp3*~data=user_id=0,application_id=42~hmac=29a8ca5d75b7a2d892094ab92c5fe0127b85d11e79cd3f38c33984711bea5180',NULL),(278,'Emotionless',23,'533609222','5:02',NULL,'https://cdnt-preview.dzcdn.net/api/1/1/3/9/4/0/394474d5df56ca2d4039f31df9260fd4.mp3?hdnea=exp=1764919100~acl=/api/1/1/3/9/4/0/394474d5df56ca2d4039f31df9260fd4.mp3*~data=user_id=0,application_id=42~hmac=1b1aed6efa7f8923fa722e5dd8cbee18dbe5213d44f8528df49714e4791e4a0f',NULL),(279,'God\'s Plan',23,'533609232','3:18',NULL,'https://cdnt-preview.dzcdn.net/api/1/1/9/5/c/0/95c243df757f8ccd17b6692e1051e2e9.mp3?hdnea=exp=1764919100~acl=/api/1/1/9/5/c/0/95c243df757f8ccd17b6692e1051e2e9.mp3*~data=user_id=0,application_id=42~hmac=38ea92021d3fbc5646d84495244cbdce3d02f9cde800a69a7790555f5cdd5483',NULL),(280,'I\'m Upset',23,'533609242','3:34',NULL,'https://cdnt-preview.dzcdn.net/api/1/1/5/a/7/0/5a774093ad6e105ee83c7c31eb92fbf8.mp3?hdnea=exp=1764919100~acl=/api/1/1/5/a/7/0/5a774093ad6e105ee83c7c31eb92fbf8.mp3*~data=user_id=0,application_id=42~hmac=dec374e9743ae6f7d95bf50d96d48acad2c5ce84f9f6f652949ea570934cd904',NULL),(281,'8 Out Of 10',23,'533609252','3:16',NULL,'https://cdnt-preview.dzcdn.net/api/1/1/8/5/f/0/85ff191a9441c96a7e7168b21337f0d0.mp3?hdnea=exp=1764919100~acl=/api/1/1/8/5/f/0/85ff191a9441c96a7e7168b21337f0d0.mp3*~data=user_id=0,application_id=42~hmac=43a96f396564c7a1c9352c5b26462ac106d92a20f1f25893f79f2247765a8cf0',NULL),(282,'Mob Ties',23,'533609262','3:25',NULL,'https://cdnt-preview.dzcdn.net/api/1/1/e/9/9/0/e99529a781f5cae33f0f627cf47ef11f.mp3?hdnea=exp=1764919100~acl=/api/1/1/e/9/9/0/e99529a781f5cae33f0f627cf47ef11f.mp3*~data=user_id=0,application_id=42~hmac=20f9e2d6f70e18d44208582eb43060e9ecebfec0c26b2aab85e762c49e16674f',NULL),(283,'Can’t Take A Joke',23,'533609272','2:44',NULL,'https://cdnt-preview.dzcdn.net/api/1/1/9/2/6/0/926d8d606378c984f6c67cc68ad49774.mp3?hdnea=exp=1764919100~acl=/api/1/1/9/2/6/0/926d8d606378c984f6c67cc68ad49774.mp3*~data=user_id=0,application_id=42~hmac=c503a697b53bcca2f2ebc50df7d951785708894811a44c7252ae3eab00b3ea14',NULL),(284,'Sandra’s Rose',23,'533609282','3:36',NULL,'https://cdnt-preview.dzcdn.net/api/1/1/8/3/d/0/83dee712f399336dd88edc4a17554448.mp3?hdnea=exp=1764919100~acl=/api/1/1/8/3/d/0/83dee712f399336dd88edc4a17554448.mp3*~data=user_id=0,application_id=42~hmac=583d0487375c4e7fb7732cfef16793e8751fb8441d77dfcdb7e39ab49074f86b',NULL),(285,'Talk Up',23,'533609292','3:43',NULL,'https://cdnt-preview.dzcdn.net/api/1/1/8/a/e/0/8ae61d75d749f718b1d5aeb424845dda.mp3?hdnea=exp=1764919100~acl=/api/1/1/8/a/e/0/8ae61d75d749f718b1d5aeb424845dda.mp3*~data=user_id=0,application_id=42~hmac=916e6910b4a411e039f5ae2682577b94417ad80f740dead8303967914c57a273',NULL),(286,'Is There More',23,'533609302','3:47',NULL,'https://cdnt-preview.dzcdn.net/api/1/1/a/3/9/0/a39d878be071ee47b0ed81451026303d.mp3?hdnea=exp=1764919100~acl=/api/1/1/a/3/9/0/a39d878be071ee47b0ed81451026303d.mp3*~data=user_id=0,application_id=42~hmac=a5e0ccf26585d616fe4c46f65621a63a72e73e8e412957db0cd11461f2a0fd0c',NULL),(287,'Peak',23,'533609312','3:26',NULL,'https://cdnt-preview.dzcdn.net/api/1/1/d/0/2/0/d02f3d2de2ff758fe3a80064c8dbc8ab.mp3?hdnea=exp=1764919100~acl=/api/1/1/d/0/2/0/d02f3d2de2ff758fe3a80064c8dbc8ab.mp3*~data=user_id=0,application_id=42~hmac=53ef3bea596c45fb976bf1b42aa9d314b4c83efbe41f2b1194bcf64497a9039a',NULL),(288,'Summer Games',23,'533609322','4:08',NULL,'https://cdnt-preview.dzcdn.net/api/1/1/1/c/0/0/1c0ad3ea6b5f441728f3f85dcdafe84c.mp3?hdnea=exp=1764919100~acl=/api/1/1/1/c/0/0/1c0ad3ea6b5f441728f3f85dcdafe84c.mp3*~data=user_id=0,application_id=42~hmac=927b74d8dea566a99c80bc543f6629016d371c187ec0b06529e1c94c068e1ed9',NULL),(289,'Jaded',23,'533609332','4:22',NULL,'https://cdnt-preview.dzcdn.net/api/1/1/2/8/5/0/28525617f028b688bd38e3f44fc4f64e.mp3?hdnea=exp=1764919100~acl=/api/1/1/2/8/5/0/28525617f028b688bd38e3f44fc4f64e.mp3*~data=user_id=0,application_id=42~hmac=5d34c7941087f7fad84618753da6dffcc6e6b491bfe6680136ef8e7ada8ae480',NULL),(290,'Nice For What',23,'533609342','3:30',NULL,'https://cdnt-preview.dzcdn.net/api/1/1/8/3/d/0/83dab8c0e8fde3054bfc993c3da9edcd.mp3?hdnea=exp=1764919100~acl=/api/1/1/8/3/d/0/83dab8c0e8fde3054bfc993c3da9edcd.mp3*~data=user_id=0,application_id=42~hmac=f74ea2b1212cf7c76c21fe111b0192c1c6870592e7c3173fcc20c34bda3dfe98',NULL),(291,'Finesse',23,'533609352','3:02',NULL,'https://cdnt-preview.dzcdn.net/api/1/1/7/1/6/0/7164b1c088dd3c669bb09c13d42e6c62.mp3?hdnea=exp=1764919100~acl=/api/1/1/7/1/6/0/7164b1c088dd3c669bb09c13d42e6c62.mp3*~data=user_id=0,application_id=42~hmac=e3c7da62fe9d12f972fb52c6e026604d6c4ceed5f8ae5c7af7a6254f28ea110d',NULL),(292,'Ratchet Happy Birthday',23,'533609362','3:27',NULL,'https://cdnt-preview.dzcdn.net/api/1/1/7/0/0/0/700cb16d00c5be58bafa49bbac1a3f2c.mp3?hdnea=exp=1764919100~acl=/api/1/1/7/0/0/0/700cb16d00c5be58bafa49bbac1a3f2c.mp3*~data=user_id=0,application_id=42~hmac=ad9a0fdca3a2a3a6c140582466bfe8cb52056e26e4ba15b2f93446f461d0bef5',NULL),(293,'That’s How You Feel',23,'533609372','2:38',NULL,'https://cdnt-preview.dzcdn.net/api/1/1/5/e/3/0/5e3c23073f34f08d67cd682af88ccb3f.mp3?hdnea=exp=1764919100~acl=/api/1/1/5/e/3/0/5e3c23073f34f08d67cd682af88ccb3f.mp3*~data=user_id=0,application_id=42~hmac=6d32f35bf8c308df79d7dd0d9852c0701b87ad3d74e7b8ed7593ff207378b091',NULL),(294,'Blue Tint',23,'533609382','2:43',NULL,'https://cdnt-preview.dzcdn.net/api/1/1/c/b/3/0/cb32a5539ce8a18302b98addfaaa05f4.mp3?hdnea=exp=1764919100~acl=/api/1/1/c/b/3/0/cb32a5539ce8a18302b98addfaaa05f4.mp3*~data=user_id=0,application_id=42~hmac=a09b5b9a9b50a883a04baeb373e43c4a16fbd3d06ca2a5bc99ab94015ec85d33',NULL),(295,'In My Feelings',23,'533609392','3:38',NULL,'https://cdnt-preview.dzcdn.net/api/1/1/8/e/9/0/8e98d4391469188d709eb95264246113.mp3?hdnea=exp=1764919100~acl=/api/1/1/8/e/9/0/8e98d4391469188d709eb95264246113.mp3*~data=user_id=0,application_id=42~hmac=198985f4f5308f3bfe36b0279f1696701096040670a6c63ab53e586767631b09',NULL),(296,'Don’t Matter To Me',23,'533609402','4:06',NULL,'https://cdnt-preview.dzcdn.net/api/1/1/7/7/f/0/77f1289a7afded248f1b1deafbd97e80.mp3?hdnea=exp=1764919100~acl=/api/1/1/7/7/f/0/77f1289a7afded248f1b1deafbd97e80.mp3*~data=user_id=0,application_id=42~hmac=6e46dcf2cdc4db2ebe0e252b7c71a9e56333ae410454d9ff2f60d84500174547',NULL),(297,'After Dark',23,'533609412','4:50',NULL,'https://cdnt-preview.dzcdn.net/api/1/1/4/7/e/0/47e7bd4ce007a05b5a5f9e00c536d08c.mp3?hdnea=exp=1764919100~acl=/api/1/1/4/7/e/0/47e7bd4ce007a05b5a5f9e00c536d08c.mp3*~data=user_id=0,application_id=42~hmac=717eb1549f415b78f93b6750a78a4eb50eaf3ee5fa0348facbaf10fc475675a7',NULL),(298,'Final Fantasy',23,'533609422','3:40',NULL,'https://cdnt-preview.dzcdn.net/api/1/1/7/2/b/0/72b2b577f30da3b774b580b3bf065dcd.mp3?hdnea=exp=1764919100~acl=/api/1/1/7/2/b/0/72b2b577f30da3b774b580b3bf065dcd.mp3*~data=user_id=0,application_id=42~hmac=d01a9cd3a1e2c753e378b08fec2aa574aff381993f1084dc8c4a285362553640',NULL),(299,'March 14',23,'533609432','5:10',NULL,'https://cdnt-preview.dzcdn.net/api/1/1/a/7/e/0/a7e5460251f5bab900afef42a9dfb6a8.mp3?hdnea=exp=1764919100~acl=/api/1/1/a/7/e/0/a7e5460251f5bab900afef42a9dfb6a8.mp3*~data=user_id=0,application_id=42~hmac=585f64c7d4acf902e1f26842b7e8ae62995ce1821de9054af0f9f6cc2a8044e3',NULL),(300,'PAPA <3',26,'3380338351','2:33',NULL,'https://cdnt-preview.dzcdn.net/api/1/1/4/a/9/0/4a962973b5252041693d8f08cb652ec3.mp3?hdnea=exp=1764919959~acl=/api/1/1/4/a/9/0/4a962973b5252041693d8f08cb652ec3.mp3*~data=user_id=0,application_id=42~hmac=a854a480dd036ee5e812813a684da71a7a0499783c64381152eca1deefa2da1e',NULL),(301,'FNG',26,'3380338361','2:08',NULL,'https://cdnt-preview.dzcdn.net/api/1/1/7/6/a/0/76acace5c74bf9b2152f2c484b6eab72.mp3?hdnea=exp=1764919959~acl=/api/1/1/7/6/a/0/76acace5c74bf9b2152f2c484b6eab72.mp3*~data=user_id=0,application_id=42~hmac=bcbf8a0eb196dbdefc84b8fc2a82060bbe88c1148c1db3363b1b4c4a822cd445',NULL),(302,'PAY!',26,'3380338371','2:10',NULL,'https://cdnt-preview.dzcdn.net/api/1/1/8/1/e/0/81ee084991b7ad0852b8715a15398fe3.mp3?hdnea=exp=1764919959~acl=/api/1/1/8/1/e/0/81ee084991b7ad0852b8715a15398fe3.mp3*~data=user_id=0,application_id=42~hmac=ddd060ca5eb58b4f2e9d8bcc9bcb96b8c07de160c9486a98cf10115aeaa53be7',NULL),(303,'ZOU BISOU',26,'3380338381','2:42',NULL,'https://cdnt-preview.dzcdn.net/api/1/1/2/6/6/0/26603547aaa2b6abdca95f1d9622b710.mp3?hdnea=exp=1764919959~acl=/api/1/1/2/6/6/0/26603547aaa2b6abdca95f1d9622b710.mp3*~data=user_id=0,application_id=42~hmac=33d7bf4fb29a8c618a27f69582ef482f9f91abd49b884a9ebf70e3e7ee4aea5e',NULL),(304,'FASHION DESIGNA',26,'3380338391','3:04',NULL,'https://cdnt-preview.dzcdn.net/api/1/1/8/5/5/0/855976eea43a3edc942887bb8d7e6b37.mp3?hdnea=exp=1764919959~acl=/api/1/1/8/5/5/0/855976eea43a3edc942887bb8d7e6b37.mp3*~data=user_id=0,application_id=42~hmac=39e2ef39e592e2bffcbbb1e6a188bd6bc4a7d89902e8357405d7ad60fdc4989e',NULL),(305,'MASOKO NA MABELE',26,'3380338401','2:57',NULL,'https://cdnt-preview.dzcdn.net/api/1/1/8/f/2/0/8f2c4f3f29c103f5ffeb3a9a9904e790.mp3?hdnea=exp=1764919959~acl=/api/1/1/8/f/2/0/8f2c4f3f29c103f5ffeb3a9a9904e790.mp3*~data=user_id=0,application_id=42~hmac=861233703e56e59dd90491f6bb9e989f59edafd1a7e49142159c636a14b533cf',NULL),(306,'I WANNA',26,'3380338411','2:30',NULL,'https://cdnt-preview.dzcdn.net/api/1/1/8/e/0/0/8e07d548955e07a4365a7d855da26b85.mp3?hdnea=exp=1764919959~acl=/api/1/1/8/e/0/0/8e07d548955e07a4365a7d855da26b85.mp3*~data=user_id=0,application_id=42~hmac=44d0f327605afc9c4a5f03ca4073a89aae631dc957221b2ab0a962f3b919ccc7',NULL),(307,'243 km/h',26,'3380338421','3:18',NULL,'https://cdnt-preview.dzcdn.net/api/1/1/6/a/8/0/6a84a4f452b4b6b2a9b44b2e5f79450a.mp3?hdnea=exp=1764919959~acl=/api/1/1/6/a/8/0/6a84a4f452b4b6b2a9b44b2e5f79450a.mp3*~data=user_id=0,application_id=42~hmac=cfd22bd62ec978b96447f203e94d8b79d2dfafd019458ea9e0ab9ca16832936f',NULL),(308,'KONGOLESE SOUS BBL',26,'3380338431','2:44',NULL,'https://cdnt-preview.dzcdn.net/api/1/1/6/7/4/0/67422b5956c2285e40e88435fc119ce0.mp3?hdnea=exp=1764919959~acl=/api/1/1/6/7/4/0/67422b5956c2285e40e88435fc119ce0.mp3*~data=user_id=0,application_id=42~hmac=384d3841b14bba86401da19a8a27b998d7fca67ad35f6039d66434e8f3078438',NULL),(309,'MON BÉBÉ',26,'3380338441','2:23',NULL,'https://cdnt-preview.dzcdn.net/api/1/1/c/9/4/0/c9413330e69ec7e33154994dd80fa054.mp3?hdnea=exp=1764919959~acl=/api/1/1/c/9/4/0/c9413330e69ec7e33154994dd80fa054.mp3*~data=user_id=0,application_id=42~hmac=77f6a6bd0c2805d1b95ee0dcbf86a16d2c46e34a0d1af7b34676e6706a0017d9',NULL),(310,'BAD BOY LOVESTORY',26,'3380338451','2:59',NULL,'https://cdnt-preview.dzcdn.net/api/1/1/f/9/e/0/f9ef781bdde170b8dbe5101ce748aaa4.mp3?hdnea=exp=1764919959~acl=/api/1/1/f/9/e/0/f9ef781bdde170b8dbe5101ce748aaa4.mp3*~data=user_id=0,application_id=42~hmac=4955537192feead08fccc186a49f0dba387c13b7b45d630f78b8c2099d66f8b5',NULL),(311,'GO!',26,'3380338461','2:27',NULL,'https://cdnt-preview.dzcdn.net/api/1/1/c/b/2/0/cb240d5216978bd9f44a6b50180078cc.mp3?hdnea=exp=1764919959~acl=/api/1/1/c/b/2/0/cb240d5216978bd9f44a6b50180078cc.mp3*~data=user_id=0,application_id=42~hmac=3a7e959ceb0968e7a66d300e39a37c5a309428391c42f797207310e54af1741e',NULL),(312,'SORRY SORRY SO',26,'3380338481','2:26',NULL,'https://cdnt-preview.dzcdn.net/api/1/1/0/5/8/0/058e24a88c3c0e33d1296941e6146efd.mp3?hdnea=exp=1764919959~acl=/api/1/1/0/5/8/0/058e24a88c3c0e33d1296941e6146efd.mp3*~data=user_id=0,application_id=42~hmac=926f353ffbdf30a7d62d5ad6e9b6860c893a4dbb01b5005d44c2ca975bff7572',NULL),(313,'Entracte : Histoire d’amour, Commérages et Chardonnay',26,'3380338491','2:35',NULL,'https://cdnt-preview.dzcdn.net/api/1/1/e/e/6/0/ee665a941fa9d502b0b9688636a312e9.mp3?hdnea=exp=1764919959~acl=/api/1/1/e/e/6/0/ee665a941fa9d502b0b9688636a312e9.mp3*~data=user_id=0,application_id=42~hmac=41e89802e5756cc4350169ac8b5de5922b719dd77aca9d4cb936d78394219d0d',NULL),(314,'BAD BOY LACKED',26,'3380338501','2:39',NULL,'https://cdnt-preview.dzcdn.net/api/1/1/2/3/6/0/236fbfb8658465113f851444920dc97b.mp3?hdnea=exp=1764919959~acl=/api/1/1/2/3/6/0/236fbfb8658465113f851444920dc97b.mp3*~data=user_id=0,application_id=42~hmac=7e2a9199557d7ecbc3bce99a68060c60431fd88fae61e0b3ea675a9d7d69dabd',NULL),(315,'ILS ME RIENT TOUS AU NEZ',26,'3380338511','2:26',NULL,'https://cdnt-preview.dzcdn.net/api/1/1/7/0/0/0/700b22b650f13868bac5dec6d15a7a28.mp3?hdnea=exp=1764919959~acl=/api/1/1/7/0/0/0/700b22b650f13868bac5dec6d15a7a28.mp3*~data=user_id=0,application_id=42~hmac=b161403d7b79d91e0d7987985ab6cd3da420ce1fe342d61d8f8009d8d91e5789',NULL),(316,'LES OISEAUX RARES',26,'3380338521','3:04',NULL,'https://cdnt-preview.dzcdn.net/api/1/1/c/9/2/0/c92552eb3ef0adb6110d3f80b1eb6fdd.mp3?hdnea=exp=1764919959~acl=/api/1/1/c/9/2/0/c92552eb3ef0adb6110d3f80b1eb6fdd.mp3*~data=user_id=0,application_id=42~hmac=41dce3d24327fec36942e7f9b00976bb9f62d3ad92661ee5a9e532e58507d845',NULL),(317,'UN MEILLEUR NOUS',26,'3380338531','3:00',NULL,'https://cdnt-preview.dzcdn.net/api/1/1/7/7/d/0/77dfb93a4392b8d9f257158dc4245e87.mp3?hdnea=exp=1764919959~acl=/api/1/1/7/7/d/0/77dfb93a4392b8d9f257158dc4245e87.mp3*~data=user_id=0,application_id=42~hmac=379a3e03183dafefdaa6c43c3c0fa32eba8341a8e270cda964aecb300d7e20be',NULL),(318,'#IL',26,'3380338541','2:00',NULL,'https://cdnt-preview.dzcdn.net/api/1/1/a/c/e/0/ace4ee4e1dc23f26a077bcb35cf11e6f.mp3?hdnea=exp=1764919959~acl=/api/1/1/a/c/e/0/ace4ee4e1dc23f26a077bcb35cf11e6f.mp3*~data=user_id=0,application_id=42~hmac=9cc16e2ef4084055de5972f00450aec09b54d1c0ffbff8f69e7fa13c8e093137',NULL),(319,'BOSS BABIES',26,'3380338551','2:40',NULL,'https://cdnt-preview.dzcdn.net/api/1/1/6/3/2/0/6324391751d8917c142df681a009fccb.mp3?hdnea=exp=1764919959~acl=/api/1/1/6/3/2/0/6324391751d8917c142df681a009fccb.mp3*~data=user_id=0,application_id=42~hmac=893a03cb79db326e6a6b6a7401e1372fd55eb8cbd04c7015ced188c9d17260e3',NULL),(320,'BIG BOSS LADY',26,'3380338561','2:09',NULL,'https://cdnt-preview.dzcdn.net/api/1/1/e/5/c/0/e5c6c5b67da4165da7264b352dbbd6a6.mp3?hdnea=exp=1764919959~acl=/api/1/1/e/5/c/0/e5c6c5b67da4165da7264b352dbbd6a6.mp3*~data=user_id=0,application_id=42~hmac=665a8cd683c1cc324e32b4aabe5e8b6fce8ade1a00368a23aceda419d395bb88',NULL),(321,'DO U WANNA ?',26,'3380338571','2:15',NULL,'https://cdnt-preview.dzcdn.net/api/1/1/3/e/6/0/3e60135ba7bca0ddf31ca2c7f980bfaa.mp3?hdnea=exp=1764919959~acl=/api/1/1/3/e/6/0/3e60135ba7bca0ddf31ca2c7f980bfaa.mp3*~data=user_id=0,application_id=42~hmac=901c07454fbae20c58da8e53f368318bff4b5a8b8cfe1cd927d6527e7e5fbd9d',NULL),(322,'MON CASQUE',26,'3380338581','2:52',NULL,'https://cdnt-preview.dzcdn.net/api/1/1/3/c/7/0/3c77d6a502aeb70c8570a3a455be730e.mp3?hdnea=exp=1764919959~acl=/api/1/1/3/c/7/0/3c77d6a502aeb70c8570a3a455be730e.mp3*~data=user_id=0,application_id=42~hmac=beabf1d70836b890ad4e3aed66f015fac8338acfca27cb8399ba58bda2fd6701',NULL),(323,'Doutes en boucle',26,'3380338591','2:00',NULL,'https://cdnt-preview.dzcdn.net/api/1/1/3/f/2/0/3f2422f634b9f58d0ecc52d1ddcc78d3.mp3?hdnea=exp=1764919959~acl=/api/1/1/3/f/2/0/3f2422f634b9f58d0ecc52d1ddcc78d3.mp3*~data=user_id=0,application_id=42~hmac=3bd6a125d6fd8696d115ceea2dec03e2a831b57b19fb8faa98f666499ede31cd',NULL),(324,'Ils me rient tous au nez (live version)',26,'3380338601','3:00',NULL,'https://cdnt-preview.dzcdn.net/api/1/1/4/b/0/0/4b00d1c28d4ab6f3294338c2af4d0819.mp3?hdnea=exp=1764919959~acl=/api/1/1/4/b/0/0/4b00d1c28d4ab6f3294338c2af4d0819.mp3*~data=user_id=0,application_id=42~hmac=c3303af187636cd5f55aed3561d019bc4fdcc01cfa078474eab2f93202a6bb48',NULL),(334,'MON BÉBÉ (Free kitty version)',26,'3618105402','2:24',NULL,'https://cdnt-preview.dzcdn.net/api/1/1/4/1/3/0/413a0f75d73524774fca5fb444727a7a.mp3?hdnea=exp=1764919960~acl=/api/1/1/4/1/3/0/413a0f75d73524774fca5fb444727a7a.mp3*~data=user_id=0,application_id=42~hmac=fcd635142b29b83a81216e10aafbe9f480b9fd276726e1bd9696eb8e4105f4c2',NULL),(350,'FNG',27,'3354851331','2:08',NULL,'https://cdnt-preview.dzcdn.net/api/1/1/1/b/9/0/1b98461f8ba293f47b0fa1245a3ed65a.mp3?hdnea=exp=1764919961~acl=/api/1/1/1/b/9/0/1b98461f8ba293f47b0fa1245a3ed65a.mp3*~data=user_id=0,application_id=42~hmac=73807e8130e3d978b6c65de4e43e7bbe56107e52bd4edcf795eca84d68ec3ecf',NULL),(351,'PAY!',27,'3354851341','2:10',NULL,'https://cdnt-preview.dzcdn.net/api/1/1/2/5/f/0/25f14aee6d752ccd6d827cf9cb2c0fda.mp3?hdnea=exp=1764919961~acl=/api/1/1/2/5/f/0/25f14aee6d752ccd6d827cf9cb2c0fda.mp3*~data=user_id=0,application_id=42~hmac=a92966e6650858e6da631ab2f93fccd4f389eba8104cfa1b9771defdc29a810b',NULL),(352,'FASHION DESIGNA',27,'3354851351','3:04',NULL,'https://cdnt-preview.dzcdn.net/api/1/1/f/6/e/0/f6e0c6312d77ab122cbeb3dfa155ee86.mp3?hdnea=exp=1764919961~acl=/api/1/1/f/6/e/0/f6e0c6312d77ab122cbeb3dfa155ee86.mp3*~data=user_id=0,application_id=42~hmac=b03ee6a9ab7941cf2196ac48159c4e2856e79e31d9a6b6abd6abdedbbc078c2e',NULL),(353,'243 km/h',27,'3354851361','3:18',NULL,'https://cdnt-preview.dzcdn.net/api/1/1/7/7/6/0/776ef693a51c7bf4f9163a2fb2909c3c.mp3?hdnea=exp=1764919961~acl=/api/1/1/7/7/6/0/776ef693a51c7bf4f9163a2fb2909c3c.mp3*~data=user_id=0,application_id=42~hmac=73b2d2c5d968d06d67ffbe3044752c03fde0222255e2b5dd5246e44784d7694d',NULL),(354,'KONGOLESE SOUS BBL',27,'3354851371','2:44',NULL,'https://cdnt-preview.dzcdn.net/api/1/1/6/a/2/0/6a268caff60bc46d602cc8c12681625a.mp3?hdnea=exp=1764919961~acl=/api/1/1/6/a/2/0/6a268caff60bc46d602cc8c12681625a.mp3*~data=user_id=0,application_id=42~hmac=c43023bf27372c089f11d42fe2ad3e70cbf034550bc9659583ee1185217ba638',NULL),(355,'BAD BOY LOVESTORY',27,'3354851381','2:59',NULL,'https://cdnt-preview.dzcdn.net/api/1/1/e/3/9/0/e39560bcad398f7748b383a972f4c6ac.mp3?hdnea=exp=1764919961~acl=/api/1/1/e/3/9/0/e39560bcad398f7748b383a972f4c6ac.mp3*~data=user_id=0,application_id=42~hmac=8769a93dc2fddafa5fc2a56d438dad87ccd45e6552a257965a363cbfbc4e119d',NULL),(356,'SORRY SORRY SO',27,'3354851391','2:26',NULL,'https://cdnt-preview.dzcdn.net/api/1/1/e/8/e/0/e8eb609119ec2c39fe462ebad8b6b065.mp3?hdnea=exp=1764919961~acl=/api/1/1/e/8/e/0/e8eb609119ec2c39fe462ebad8b6b065.mp3*~data=user_id=0,application_id=42~hmac=3adb6488ad582da45a8ec6a74acbfc4ed9d5d3c2e545650c94853b3ff28e05fc',NULL),(357,'Entracte : Histoire d’amour, Commérages et Chardonnay',27,'3354851401','2:35',NULL,'https://cdnt-preview.dzcdn.net/api/1/1/0/6/3/0/06345da0541c6949c8b4311656514d93.mp3?hdnea=exp=1764919961~acl=/api/1/1/0/6/3/0/06345da0541c6949c8b4311656514d93.mp3*~data=user_id=0,application_id=42~hmac=e12134c6ee7e28d2f8037c7bd9e0d80c3a604d395165578c39dbd09bad145d89',NULL),(358,'ILS ME RIENT TOUS AU NEZ',27,'3354851411','2:26',NULL,'https://cdnt-preview.dzcdn.net/api/1/1/9/9/0/0/99072ed80beeabbdf3c734109c198ffa.mp3?hdnea=exp=1764919961~acl=/api/1/1/9/9/0/0/99072ed80beeabbdf3c734109c198ffa.mp3*~data=user_id=0,application_id=42~hmac=966596aa3a69203a93e6065eb787f4e61b6a35be35edaf5c045559c91e190e00',NULL),(359,'#IL',27,'3354851421','2:00',NULL,'https://cdnt-preview.dzcdn.net/api/1/1/5/5/f/0/55f03996dc894456d3e67aa6158de1ae.mp3?hdnea=exp=1764919961~acl=/api/1/1/5/5/f/0/55f03996dc894456d3e67aa6158de1ae.mp3*~data=user_id=0,application_id=42~hmac=660310742e800fbcc55fe32e2e10b31bacf3fc36fe8d95b46afbb722f8ea5461',NULL),(360,'BIG BOSS LADY',27,'3354851431','2:09',NULL,'https://cdnt-preview.dzcdn.net/api/1/1/3/e/c/0/3eca229786f770ca8066c8da8ba1e7c4.mp3?hdnea=exp=1764919961~acl=/api/1/1/3/e/c/0/3eca229786f770ca8066c8da8ba1e7c4.mp3*~data=user_id=0,application_id=42~hmac=d42dd4d64cef9c06496ab743e4e843fb6315cb3af0c8acab4e66bfb3320584d0',NULL),(361,'DO U WANNA ?',27,'3354851441','2:15',NULL,'https://cdnt-preview.dzcdn.net/api/1/1/8/4/e/0/84e9ac14f835c6fc3df0b6a901335e4e.mp3?hdnea=exp=1764919961~acl=/api/1/1/8/4/e/0/84e9ac14f835c6fc3df0b6a901335e4e.mp3*~data=user_id=0,application_id=42~hmac=0f5d39e9a16d87a9f9cf24a6fb83219701095b4e2a73bb21c136b4dfd9115a70',NULL),(362,'UN MEILLEUR NOUS',27,'3354851451','3:00',NULL,'https://cdnt-preview.dzcdn.net/api/1/1/f/8/b/0/f8b6253234707c1b0ed5731d03d2113f.mp3?hdnea=exp=1764919961~acl=/api/1/1/f/8/b/0/f8b6253234707c1b0ed5731d03d2113f.mp3*~data=user_id=0,application_id=42~hmac=a7e325012feca39dbdde680f10d31a96760b1c593baee00a6c4407a1d5285501',NULL),(363,'MON CASQUE',27,'3354851461','2:52',NULL,'https://cdnt-preview.dzcdn.net/api/1/1/6/9/5/0/695dbffc0c9e7bf6664b44be33ec0439.mp3?hdnea=exp=1764919961~acl=/api/1/1/6/9/5/0/695dbffc0c9e7bf6664b44be33ec0439.mp3*~data=user_id=0,application_id=42~hmac=9d4bbbc4a07b080fcf6a4d5a3207a10c1d92441e3dba18aab6480aa07674444d',NULL),(364,'Doutes en boucle',27,'3354851471','2:00',NULL,'https://cdnt-preview.dzcdn.net/api/1/1/c/a/8/0/ca82575ba204e7d62e6891375e5a0135.mp3?hdnea=exp=1764919961~acl=/api/1/1/c/a/8/0/ca82575ba204e7d62e6891375e5a0135.mp3*~data=user_id=0,application_id=42~hmac=bca09b6e601bd2bb4efe322d47f9bd040cf4b5e83696ef879b7ada5a54ab45d6',NULL),(392,'Respect',28,'1206643212','2:39',NULL,'https://cdnt-preview.dzcdn.net/api/1/1/b/4/3/0/b4311588f5e1d323a0a3222610cf2512.mp3?hdnea=exp=1764919964~acl=/api/1/1/b/4/3/0/b4311588f5e1d323a0a3222610cf2512.mp3*~data=user_id=0,application_id=42~hmac=8b2e046499a2dff0d34e804a71e621994084f976a637d8f4eea1b30177246860',NULL),(393,'C\'est Normal',28,'1206643222','2:37',NULL,'https://cdnt-preview.dzcdn.net/api/1/1/4/7/0/0/470dff62e33cb79f14d0c26e4606bd8a.mp3?hdnea=exp=1764919964~acl=/api/1/1/4/7/0/0/470dff62e33cb79f14d0c26e4606bd8a.mp3*~data=user_id=0,application_id=42~hmac=712eef5acb02084bcbcac257b1e89bd4f9e348aa27df961d43676d9e636145df',NULL),(394,'Prendre le large',28,'1206643232','3:14',NULL,'https://cdnt-preview.dzcdn.net/api/1/1/c/f/c/0/cfc360523bddbf300567b8672c86c6ae.mp3?hdnea=exp=1764919964~acl=/api/1/1/c/f/c/0/cfc360523bddbf300567b8672c86c6ae.mp3*~data=user_id=0,application_id=42~hmac=b34c7c390a65d32f8d08536cdec761db83bf159e7e3b6dc5b5ef65bd16b3015d',NULL),(395,'Neptune',28,'1206643242','2:07',NULL,'https://cdnt-preview.dzcdn.net/api/1/1/2/f/e/0/2fe741425629850ea6f8cf89fe3ba452.mp3?hdnea=exp=1764919964~acl=/api/1/1/2/f/e/0/2fe741425629850ea6f8cf89fe3ba452.mp3*~data=user_id=0,application_id=42~hmac=b646563341d65d1f8719f479a738218358e18a5b28293266ed278bac5c5bd797',NULL),(396,'Habiba',28,'1206643252','3:13',NULL,'https://cdnt-preview.dzcdn.net/api/1/1/0/f/5/0/0f5afb9ddc03a6157394699f5a90590e.mp3?hdnea=exp=1764919964~acl=/api/1/1/0/f/5/0/0f5afb9ddc03a6157394699f5a90590e.mp3*~data=user_id=0,application_id=42~hmac=5c090d766b44d2edcf28309422242901ad57d2651c02e93be9ee2d0f7f452704',NULL),(397,'Rockstar',28,'1206643262','2:56',NULL,'https://cdnt-preview.dzcdn.net/api/1/1/b/e/c/0/bec90a9a0c9872a0643453e52d827a59.mp3?hdnea=exp=1764919964~acl=/api/1/1/b/e/c/0/bec90a9a0c9872a0643453e52d827a59.mp3*~data=user_id=0,application_id=42~hmac=f68a0e232e1a3416d8c81689a7f913b29163bf7554497ae34e10c92aa89baa08',NULL),(398,'Koby\'z piano',28,'1206643272','4:07',NULL,'https://cdnt-preview.dzcdn.net/api/1/1/c/9/f/0/c9f358893f5ff386b2cef4f2e8d98cca.mp3?hdnea=exp=1764919964~acl=/api/1/1/c/9/f/0/c9f358893f5ff386b2cef4f2e8d98cca.mp3*~data=user_id=0,application_id=42~hmac=e8b9f0768f9ed948b860dbf9690b7ba91c4cc8195fc953130c6b6b1d7429ce08',NULL),(399,'…Y’a deux fois plus d’oRAGE',29,'2347026375','3:04',NULL,'https://cdnt-preview.dzcdn.net/api/1/1/b/c/0/0/bc081563800cc05fc87948f4c2d8d0c6.mp3?hdnea=exp=1764919965~acl=/api/1/1/b/c/0/0/bc081563800cc05fc87948f4c2d8d0c6.mp3*~data=user_id=0,application_id=42~hmac=561051b7f222c299afb3d49c56d8e54f38af4e7d1e71ba20a5eb5a5befb80ae1',NULL),(400,'BESOIN D’AIDE',29,'2347026385','2:28',NULL,'https://cdnt-preview.dzcdn.net/api/1/1/f/d/1/0/fd1e0d26bba347033c05b69a09d027c2.mp3?hdnea=exp=1764919965~acl=/api/1/1/f/d/1/0/fd1e0d26bba347033c05b69a09d027c2.mp3*~data=user_id=0,application_id=42~hmac=f302d8ec0863104cc39f5b60181701ff3d2ba4198f4553720811182a38446f49',NULL),(401,'J’ai retrouvé le sourire',29,'2347026395','2:13',NULL,'https://cdnt-preview.dzcdn.net/api/1/1/c/e/2/0/ce2cb11d3692156ce38371de9e6a0326.mp3?hdnea=exp=1764919965~acl=/api/1/1/c/e/2/0/ce2cb11d3692156ce38371de9e6a0326.mp3*~data=user_id=0,application_id=42~hmac=a4996414aec787b4ac53300530566f921d4b9096f2af7bcc2a52a29f9871fb14',NULL),(402,'BOSS LADY',29,'2347026405','2:38',NULL,'https://cdnt-preview.dzcdn.net/api/1/1/4/e/1/0/4e16a3147072574ece9f4820bd49ecd2.mp3?hdnea=exp=1764919965~acl=/api/1/1/4/e/1/0/4e16a3147072574ece9f4820bd49ecd2.mp3*~data=user_id=0,application_id=42~hmac=2e717a1002b612e5d7360cf0d4fc94b714a26d13b9d03648dfed86f2c78479d0',NULL),(403,'Love me lagadou (<3 ?)',29,'2347026415','2:38',NULL,'https://cdnt-preview.dzcdn.net/api/1/1/9/2/6/0/926a5390f063fdab52ad9206af723471.mp3?hdnea=exp=1764919965~acl=/api/1/1/9/2/6/0/926a5390f063fdab52ad9206af723471.mp3*~data=user_id=0,application_id=42~hmac=d7de0b68f55da94332535142594dd832345c440ff3433c0cb0935137069f13f3',NULL),(404,'Ici le temps est trop morose',30,'2183059127','3:39',NULL,'https://cdnt-preview.dzcdn.net/api/1/1/f/6/a/0/f6a10aede048b2509bc86dcaf49c0a5e.mp3?hdnea=exp=1764919966~acl=/api/1/1/f/6/a/0/f6a10aede048b2509bc86dcaf49c0a5e.mp3*~data=user_id=0,application_id=42~hmac=73349cde221612977325b2ab3b3d4aed556719b4bfda972df32f08ea5f24e7b2',NULL),(405,'C TROP LA LOOSE </3',30,'2183059137','2:54',NULL,'https://cdnt-preview.dzcdn.net/api/1/1/7/e/8/0/7e89bae775c91cb9d7292708d2d0592e.mp3?hdnea=exp=1764919966~acl=/api/1/1/7/e/8/0/7e89bae775c91cb9d7292708d2d0592e.mp3*~data=user_id=0,application_id=42~hmac=730c9d42c651f76ea98e5803a14e870ed3fba50d9bae726550749ec91c8c7268',NULL),(406,'Lolirock',30,'2183059147','2:00',NULL,'https://cdnt-preview.dzcdn.net/api/1/1/4/d/1/0/4d1b9340aa47ffa91212a63e6bdf7e1c.mp3?hdnea=exp=1764919966~acl=/api/1/1/4/d/1/0/4d1b9340aa47ffa91212a63e6bdf7e1c.mp3*~data=user_id=0,application_id=42~hmac=917e6559495ae625c01138f1aaf9fb09e3ad921ab66afe3d29edf87aa9821511',NULL),(407,'Le Paradis se trouve dans le 93 (LPSTD93)',30,'2183059157','1:48',NULL,'https://cdnt-preview.dzcdn.net/api/1/1/f/f/a/0/ffae60b1550e3dfd80f0acbea4ac5058.mp3?hdnea=exp=1764919966~acl=/api/1/1/f/f/a/0/ffae60b1550e3dfd80f0acbea4ac5058.mp3*~data=user_id=0,application_id=42~hmac=0518478da1e7f593f31edfff5c12b1ba6ee823734e2a20b7bdae255a3ceefcde',NULL),(408,'DANS LE PARADIS ARTIFICIEL',30,'2183059167','2:30',NULL,'https://cdnt-preview.dzcdn.net/api/1/1/2/8/c/0/28c74405a37414daea597da422ea78c4.mp3?hdnea=exp=1764919966~acl=/api/1/1/2/8/c/0/28c74405a37414daea597da422ea78c4.mp3*~data=user_id=0,application_id=42~hmac=9a2b1c7724e83eac2966a720dd4a2d0e391ae67fa246ab967011fa773e0bd06b',NULL),(409,'APRÈS L’Orage..',30,'2183059177','2:13',NULL,'https://cdnt-preview.dzcdn.net/api/1/1/1/b/9/0/1b990d3f4e56ffa8c37c54fc3b385649.mp3?hdnea=exp=1764919966~acl=/api/1/1/1/b/9/0/1b990d3f4e56ffa8c37c54fc3b385649.mp3*~data=user_id=0,application_id=42~hmac=b81ada913807b1ab563cbf153cb3dfae33d4b18aefb9eca0e9d54c1c3b869e67',NULL),(425,'St. Chroma (feat. Daniel Caesar)',44,'3623651522','3:22',NULL,'https://cdnt-preview.dzcdn.net/api/1/1/4/0/2/0/4029966a95475434736968c6d7192622.mp3?hdnea=exp=1764921891~acl=/api/1/1/4/0/2/0/4029966a95475434736968c6d7192622.mp3*~data=user_id=0,application_id=42~hmac=87a99776090630d84ca662d922707ca8516cbd0312752a4341f01ba43460fb84',NULL),(426,'Rah Tah Tah',44,'3623651532','2:45',NULL,'https://cdnt-preview.dzcdn.net/api/1/1/8/d/2/0/8d25bfbb5e0bcf8845703bf9d34d4308.mp3?hdnea=exp=1764921891~acl=/api/1/1/8/d/2/0/8d25bfbb5e0bcf8845703bf9d34d4308.mp3*~data=user_id=0,application_id=42~hmac=73b690b9986cfac00b14b902a97936ffe79877d423d02764f1ce5c4fb2c253c9',NULL),(427,'Noid',44,'3623651542','4:47',NULL,'https://cdnt-preview.dzcdn.net/api/1/1/f/c/4/0/fc4c7dda04b07253a8b7e89890bcee40.mp3?hdnea=exp=1764921891~acl=/api/1/1/f/c/4/0/fc4c7dda04b07253a8b7e89890bcee40.mp3*~data=user_id=0,application_id=42~hmac=26e32c96dbfdf605da89dffaa26d6bc9bb9fcb66c4e973118297ec3c74ff52c2',NULL),(428,'Darling, I (feat. Teezo Touchdown)',44,'3623651552','4:13',NULL,'https://cdnt-preview.dzcdn.net/api/1/1/3/b/6/0/3b691550729d1318d9acb1925b8f4f37.mp3?hdnea=exp=1764921891~acl=/api/1/1/3/b/6/0/3b691550729d1318d9acb1925b8f4f37.mp3*~data=user_id=0,application_id=42~hmac=d7363ac8ba4b666fb83e07a1ae6788111c5764073175b7a26d68e9d2d37b58be',NULL),(429,'Hey Jane',44,'3623651562','4:00',NULL,'https://cdnt-preview.dzcdn.net/api/1/1/0/9/9/0/0998bb52799648222710d2ea6a5836db.mp3?hdnea=exp=1764921891~acl=/api/1/1/0/9/9/0/0998bb52799648222710d2ea6a5836db.mp3*~data=user_id=0,application_id=42~hmac=211bba20493e98470b69579ff604f65cea7baebeaf17a66b4762a4b1c522da5f',NULL),(430,'I Killed You',44,'3623651572','2:48',NULL,'https://cdnt-preview.dzcdn.net/api/1/1/1/b/7/0/1b79d9fe15b4704c40f89799c6a38ca7.mp3?hdnea=exp=1764921891~acl=/api/1/1/1/b/7/0/1b79d9fe15b4704c40f89799c6a38ca7.mp3*~data=user_id=0,application_id=42~hmac=5af076a79eff75187a0949daa800f0327bcbe89205c1a7a228940eabe6949c64',NULL),(431,'Judge Judy',44,'3623651592','4:29',NULL,'https://cdnt-preview.dzcdn.net/api/1/1/b/9/f/0/b9fe0bc4bc0b92d7fc3253f9b2462233.mp3?hdnea=exp=1764921891~acl=/api/1/1/b/9/f/0/b9fe0bc4bc0b92d7fc3253f9b2462233.mp3*~data=user_id=0,application_id=42~hmac=d9e776cd83994667ead193ab0c514f17cb2166177464b8e5baf437cf7a52fc68',NULL),(432,'Sticky (feat. GloRilla, Sexyy Red & Lil Wayne)',44,'3623651602','4:15',NULL,'https://cdnt-preview.dzcdn.net/api/1/1/1/e/3/0/1e36720674e7b119a1116fd24a8d8172.mp3?hdnea=exp=1764921891~acl=/api/1/1/1/e/3/0/1e36720674e7b119a1116fd24a8d8172.mp3*~data=user_id=0,application_id=42~hmac=ffca81d4411281686737fabffa7ee94156a75486661aea6282b44d288314ffd6',NULL),(433,'Take Your Mask Off (feat. Daniel Caesar & LaToiya Williams)',44,'3623651612','4:13',NULL,'https://cdnt-preview.dzcdn.net/api/1/1/7/d/b/0/7db3f8bc1f9408133606f314a08d0395.mp3?hdnea=exp=1764921891~acl=/api/1/1/7/d/b/0/7db3f8bc1f9408133606f314a08d0395.mp3*~data=user_id=0,application_id=42~hmac=48897af5fee57e88bf723ed9b748e6a0cda8e6c85f26f9e6bde0a9970845db49',NULL),(434,'Tomorrow',44,'3623651622','3:02',NULL,'https://cdnt-preview.dzcdn.net/api/1/1/2/8/5/0/285fc51f00db811cd16ac0eef3dfb94f.mp3?hdnea=exp=1764921891~acl=/api/1/1/2/8/5/0/285fc51f00db811cd16ac0eef3dfb94f.mp3*~data=user_id=0,application_id=42~hmac=c4241f7584bd9735dcf115e440588847982b7bc5b4d1ac48e1055e365fe754e0',NULL),(435,'Thought I Was Dead (feat. ScHoolboy Q & Santigold)',44,'3623651632','3:27',NULL,'https://cdnt-preview.dzcdn.net/api/1/1/0/2/6/0/0261114c4b81dfafb7d4df57c188b1a6.mp3?hdnea=exp=1764921891~acl=/api/1/1/0/2/6/0/0261114c4b81dfafb7d4df57c188b1a6.mp3*~data=user_id=0,application_id=42~hmac=d5e1dc7ed5072947a68f1546dc710bd8bb356dbd3a698384b314d73134aa2fb4',NULL),(436,'Mother',44,'3623651642','4:40',NULL,'https://cdnt-preview.dzcdn.net/api/1/1/c/8/5/0/c85b1c5e1babf6afa53579835bb90f02.mp3?hdnea=exp=1764921891~acl=/api/1/1/c/8/5/0/c85b1c5e1babf6afa53579835bb90f02.mp3*~data=user_id=0,application_id=42~hmac=53642a7a4e82c76a0a7823bb208d5f0f8c1e5bd1a9a12ee38f0c3b15f8a52e00',NULL),(437,'Like Him (feat. Lola Young)',44,'3623651652','4:38',NULL,'https://cdnt-preview.dzcdn.net/api/1/1/e/b/e/0/ebe73bf7ba22834bf2c989c2dc1b296f.mp3?hdnea=exp=1764921891~acl=/api/1/1/e/b/e/0/ebe73bf7ba22834bf2c989c2dc1b296f.mp3*~data=user_id=0,application_id=42~hmac=9e84bd62a293d923def2c743e21ef5f7308e40014cd33e0e73a07e294f7deba9',NULL),(438,'Balloon (feat. Doechii)',44,'3623651662','2:34',NULL,'https://cdnt-preview.dzcdn.net/api/1/1/b/a/c/0/bac24053e4e7c32c4f97612f7190a34c.mp3?hdnea=exp=1764921891~acl=/api/1/1/b/a/c/0/bac24053e4e7c32c4f97612f7190a34c.mp3*~data=user_id=0,application_id=42~hmac=a51eb07eb5f898dea96befca57ef1af899de519ce6628697a508d97befa11642',NULL),(439,'I Hope You Find Your Way Home',44,'3623651672','4:29',NULL,'https://cdnt-preview.dzcdn.net/api/1/1/9/4/9/0/949095bc1a76f2404a08e215933e33d8.mp3?hdnea=exp=1764921891~acl=/api/1/1/9/4/9/0/949095bc1a76f2404a08e215933e33d8.mp3*~data=user_id=0,application_id=42~hmac=859a83e2117a644ff6d8a6aa5ab654df8416e4d1913021ba901c4fbf6c710e65',NULL),(440,'SIR BAUDELAIRE (feat. DJ Drama)',46,'2215437547','1:28',NULL,'https://cdnt-preview.dzcdn.net/api/1/1/c/3/d/0/c3dd905ef06d83977820470575c917d2.mp3?hdnea=exp=1764921892~acl=/api/1/1/c/3/d/0/c3dd905ef06d83977820470575c917d2.mp3*~data=user_id=0,application_id=42~hmac=e719e5d16a89eaa3692b45b310ed7c791455f1c185b38fa74f2a67918a5d04b5',NULL),(441,'CORSO',46,'2215437557','2:26',NULL,'https://cdnt-preview.dzcdn.net/api/1/1/2/8/d/0/28dfeedc5d5d9b94d6bdbc47effd88de.mp3?hdnea=exp=1764921892~acl=/api/1/1/2/8/d/0/28dfeedc5d5d9b94d6bdbc47effd88de.mp3*~data=user_id=0,application_id=42~hmac=eb7a77214f47e612be8a41dd89a6888eca3fbd4a883965d12dc6d27b228e5000',NULL),(442,'LEMONHEAD (feat. 42 Dugg)',46,'2215437567','2:10',NULL,'https://cdnt-preview.dzcdn.net/api/1/1/f/e/4/0/fe4016698d462471d86e5171002c16ce.mp3?hdnea=exp=1764921892~acl=/api/1/1/f/e/4/0/fe4016698d462471d86e5171002c16ce.mp3*~data=user_id=0,application_id=42~hmac=33d53841ba665b50614dc5fb8be0d69194711b2fd764599faf79866f958fc441',NULL),(443,'WUSYANAME (feat. Youngboy Never Broke Again & Ty Dolla $ign)',46,'2215437577','2:01',NULL,'https://cdnt-preview.dzcdn.net/api/1/1/7/f/d/0/7fd6e28590d7357fa3e2940bbecb4a16.mp3?hdnea=exp=1764921892~acl=/api/1/1/7/f/d/0/7fd6e28590d7357fa3e2940bbecb4a16.mp3*~data=user_id=0,application_id=42~hmac=64fa3ad2cebf262eac041c7dc904339f82f8c85d40ea269c97239aa2598af90e',NULL),(444,'LUMBERJACK',46,'2215437587','2:18',NULL,'https://cdnt-preview.dzcdn.net/api/1/1/a/8/0/0/a80f38e32ef1ef54f29edabcea62415a.mp3?hdnea=exp=1764921892~acl=/api/1/1/a/8/0/0/a80f38e32ef1ef54f29edabcea62415a.mp3*~data=user_id=0,application_id=42~hmac=88be6621f11debda81dc5485cfd6db9078cb4cfd7276ce11f80373199b16a330',NULL),(445,'HOT WIND BLOWS (feat. Lil Wayne)',46,'2215437597','2:35',NULL,'https://cdnt-preview.dzcdn.net/api/1/1/7/0/a/0/70ae4148f43db66bed13ac3f9b8a7a29.mp3?hdnea=exp=1764921892~acl=/api/1/1/7/0/a/0/70ae4148f43db66bed13ac3f9b8a7a29.mp3*~data=user_id=0,application_id=42~hmac=f7880e9e7d27b37f29e0192df5d086a69be8f82dbe6b8023b7951878d0afe70e',NULL),(446,'MASSA',46,'2215437607','3:43',NULL,'https://cdnt-preview.dzcdn.net/api/1/1/b/f/4/0/bf47a922a592ff6319199cebad138a82.mp3?hdnea=exp=1764921892~acl=/api/1/1/b/f/4/0/bf47a922a592ff6319199cebad138a82.mp3*~data=user_id=0,application_id=42~hmac=cb59cf094794b3205951174cc48d0cac8ed3c9e26b924e3067ed7fdaeee8b32b',NULL),(447,'RUNITUP (feat. Teezo Touchdown)',46,'2215437617','3:49',NULL,'https://cdnt-preview.dzcdn.net/api/1/1/f/c/e/0/fce9cff188ee43ffe90dbe4d40f86c05.mp3?hdnea=exp=1764921892~acl=/api/1/1/f/c/e/0/fce9cff188ee43ffe90dbe4d40f86c05.mp3*~data=user_id=0,application_id=42~hmac=9ce6f79d3937d165bd502bf456fc6334fcf5be809db06524ffa9d2b34324ab9c',NULL),(448,'MANIFESTO (feat. Domo Genesis)',46,'2215437627','2:55',NULL,'https://cdnt-preview.dzcdn.net/api/1/1/2/c/d/0/2cd007035a11402907b11bf6f4dba65e.mp3?hdnea=exp=1764921892~acl=/api/1/1/2/c/d/0/2cd007035a11402907b11bf6f4dba65e.mp3*~data=user_id=0,application_id=42~hmac=eab6bae4e4c528d76c93feed3003f191160b513f5d31c957ebcc5eb90e24a9a6',NULL),(449,'SWEET / I THOUGHT YOU WANTED TO DANCE (feat. Brent Faiyaz & Fana Hues)',46,'2215437637','9:48',NULL,'https://cdnt-preview.dzcdn.net/api/1/1/2/e/9/0/2e9d796599f8f7c7945a1e7e26d3c93d.mp3?hdnea=exp=1764921892~acl=/api/1/1/2/e/9/0/2e9d796599f8f7c7945a1e7e26d3c93d.mp3*~data=user_id=0,application_id=42~hmac=6c243fc552358c55265f17fa44c347a5cfe173ee1940951ad3b51314f0a2640d',NULL),(450,'MOMMA TALK',46,'2215437647','1:10',NULL,'https://cdnt-preview.dzcdn.net/api/1/1/c/9/a/0/c9a6fc498340d8ac44c2fc683b638550.mp3?hdnea=exp=1764921892~acl=/api/1/1/c/9/a/0/c9a6fc498340d8ac44c2fc683b638550.mp3*~data=user_id=0,application_id=42~hmac=508e9be68fbb19d37d18a6f04f7976227f12ea3e573c366d92d3281e87ef922f',NULL),(451,'RISE! (feat. DAISY WORLD)',46,'2215437657','3:23',NULL,'https://cdnt-preview.dzcdn.net/api/1/1/7/7/3/0/773e23bec082d1318afaf64d632b3c4d.mp3?hdnea=exp=1764921892~acl=/api/1/1/7/7/3/0/773e23bec082d1318afaf64d632b3c4d.mp3*~data=user_id=0,application_id=42~hmac=998ccf682ba131b6ec25b22e1af3d23777705dca27d46ddb479ca8c4a44ecf0c',NULL),(452,'BLESSED',46,'2215437667','0:57',NULL,'https://cdnt-preview.dzcdn.net/api/1/1/4/3/5/0/435f1e83f684a966bd1c5b4209749a8a.mp3?hdnea=exp=1764921892~acl=/api/1/1/4/3/5/0/435f1e83f684a966bd1c5b4209749a8a.mp3*~data=user_id=0,application_id=42~hmac=8848fd5bcde6eac1cdd853234fe31465f33dac2df0ba83a38d30762be20b83c1',NULL),(453,'JUGGERNAUT (feat. Lil Uzi Vert & Pharrell Williams)',46,'2215437677','2:26',NULL,'https://cdnt-preview.dzcdn.net/api/1/1/6/3/b/0/63bd032167844f738f650521aabeaa25.mp3?hdnea=exp=1764921892~acl=/api/1/1/6/3/b/0/63bd032167844f738f650521aabeaa25.mp3*~data=user_id=0,application_id=42~hmac=a555314fdd1202bc6c5a3d5b5cbbda1fca4928c102770a1207ee43e9b7c60ced',NULL),(454,'WILSHIRE',46,'2215437687','8:35',NULL,'https://cdnt-preview.dzcdn.net/api/1/1/a/d/e/0/ade9bae40e967339e40aec8250706fe6.mp3?hdnea=exp=1764921892~acl=/api/1/1/a/d/e/0/ade9bae40e967339e40aec8250706fe6.mp3*~data=user_id=0,application_id=42~hmac=205878e08292b706fbb9902bf4f604a2b037757704a1ae5899f0d02505e8ffef',NULL),(455,'SAFARI',46,'2215437697','2:57',NULL,'https://cdnt-preview.dzcdn.net/api/1/1/7/b/8/0/7b8b29480f13060592f1b77c49deba3c.mp3?hdnea=exp=1764921892~acl=/api/1/1/7/b/8/0/7b8b29480f13060592f1b77c49deba3c.mp3*~data=user_id=0,application_id=42~hmac=28cc5c3bedb5acb69f90a60bcc7736bee2e71e23ef8560d110077de54f253c78',NULL),(456,'EVERYTHING MUST GO',46,'2215437707','0:28',NULL,'https://cdnt-preview.dzcdn.net/api/1/1/1/1/7/0/117d208f8f6c914a2f7b20c546e8bc95.mp3?hdnea=exp=1764921892~acl=/api/1/1/1/1/7/0/117d208f8f6c914a2f7b20c546e8bc95.mp3*~data=user_id=0,application_id=42~hmac=ff81631db2fce423ffcfc3eafa13f704b83398013985e92653682ec407d4ae2b',NULL),(457,'STUNTMAN (feat. Vince Staples)',46,'2215437717','3:20',NULL,'https://cdnt-preview.dzcdn.net/api/1/1/1/8/d/0/18daf7871e087aff299d2099c2db1ab5.mp3?hdnea=exp=1764921892~acl=/api/1/1/1/8/d/0/18daf7871e087aff299d2099c2db1ab5.mp3*~data=user_id=0,application_id=42~hmac=e230d756221a05c614f39477b81e04bd4d803dcc0b3f7a172f4a90fe726fa60f',NULL),(458,'WHAT A DAY',46,'2215437727','3:37',NULL,'https://cdnt-preview.dzcdn.net/api/1/1/1/c/2/0/1c2dd79cf442d1c0c24f19b1cbbfc297.mp3?hdnea=exp=1764921892~acl=/api/1/1/1/c/2/0/1c2dd79cf442d1c0c24f19b1cbbfc297.mp3*~data=user_id=0,application_id=42~hmac=79484dccb7b0b645cbf1f301568a1b633570ae56992409e0861da0afafbaf209',NULL),(459,'WHARF TALK (feat. A$AP Rocky)',46,'2215437737','3:24',NULL,'https://cdnt-preview.dzcdn.net/api/1/1/0/a/6/0/0a6bfb13156a00af74d2a5acb82386cf.mp3?hdnea=exp=1764921892~acl=/api/1/1/0/a/6/0/0a6bfb13156a00af74d2a5acb82386cf.mp3*~data=user_id=0,application_id=42~hmac=bc2d2d5f185b049e78c7f7e06d0c5dda0c9594ed3f6a97d2b024c813f945eb2e',NULL),(460,'DOGTOOTH',46,'2215437747','2:41',NULL,'https://cdnt-preview.dzcdn.net/api/1/1/5/9/7/0/59705f8a08892e3f666b953c4dd1aa3e.mp3?hdnea=exp=1764921892~acl=/api/1/1/5/9/7/0/59705f8a08892e3f666b953c4dd1aa3e.mp3*~data=user_id=0,application_id=42~hmac=6f059fc2e605f1655c314c27d13454ce4a7952afbcc2a26afb9aac4bcefce78a',NULL),(461,'HEAVEN TO ME',46,'2215437757','3:51',NULL,'https://cdnt-preview.dzcdn.net/api/1/1/f/2/7/0/f27046adf179874abde5d06af13703c7.mp3?hdnea=exp=1764921892~acl=/api/1/1/f/2/7/0/f27046adf179874abde5d06af13703c7.mp3*~data=user_id=0,application_id=42~hmac=844854f0c9f28fca081f993472fa607df1daf59d5c0a6af165bf0cbc4c486175',NULL),(462,'BOYFRIEND, GIRLFRIEND (feat. YG) (2020 Demo)',46,'2215437767','3:24',NULL,'https://cdnt-preview.dzcdn.net/api/1/1/9/a/4/0/9a447d4d810969492ca91a538d182093.mp3?hdnea=exp=1764921892~acl=/api/1/1/9/a/4/0/9a447d4d810969492ca91a538d182093.mp3*~data=user_id=0,application_id=42~hmac=67c369a38113ba8853f205fb4c30c97ad7a18de5e45fb1d7c44e0befbc1721b9',NULL),(463,'SORRY NOT SORRY',46,'2215437777','3:26',NULL,'https://cdnt-preview.dzcdn.net/api/1/1/a/5/f/0/a5fdf5edbfddc48f92f7f6a8c2993225.mp3?hdnea=exp=1764921892~acl=/api/1/1/a/5/f/0/a5fdf5edbfddc48f92f7f6a8c2993225.mp3*~data=user_id=0,application_id=42~hmac=f2333e542633e35b643300e545b1c9d97c1d675fe6524701d873539c4a650bc6',NULL),(464,'IGOR\'S THEME',48,'681009642','3:20',NULL,'https://cdnt-preview.dzcdn.net/api/1/1/1/6/7/0/16778127766aa39d1dc4e1e7bb121598.mp3?hdnea=exp=1764921894~acl=/api/1/1/1/6/7/0/16778127766aa39d1dc4e1e7bb121598.mp3*~data=user_id=0,application_id=42~hmac=ea508cbd2b7e777283b29de3dac704b0abc07b027868b6d29b2f0bb156769a27',NULL),(465,'EARFQUAKE',48,'681009652','3:10',NULL,'https://cdnt-preview.dzcdn.net/api/1/1/5/c/c/0/5ccb6775df9a07a06e8b5f94b9affec1.mp3?hdnea=exp=1764921894~acl=/api/1/1/5/c/c/0/5ccb6775df9a07a06e8b5f94b9affec1.mp3*~data=user_id=0,application_id=42~hmac=8d1b0b8af1acbec4673e4f2a0382394d72e2239d277522dbec3c2def9aa802d0',NULL),(466,'I THINK',48,'681009662','3:32',NULL,'https://cdnt-preview.dzcdn.net/api/1/1/d/a/7/0/da71046743d3f666dcb5914609e6bd52.mp3?hdnea=exp=1764921894~acl=/api/1/1/d/a/7/0/da71046743d3f666dcb5914609e6bd52.mp3*~data=user_id=0,application_id=42~hmac=9e6ed73f8199b14c812b732c48d80ebb077cd66c2646dd5e4d416686995a06ec',NULL),(467,'EXACTLY WHAT YOU RUN FROM YOU END UP CHASING',48,'681009672','0:14',NULL,'https://cdnt-preview.dzcdn.net/api/1/1/d/d/7/0/dd793664a7cdba8a6ddaf654606790c5.mp3?hdnea=exp=1764921894~acl=/api/1/1/d/d/7/0/dd793664a7cdba8a6ddaf654606790c5.mp3*~data=user_id=0,application_id=42~hmac=31d5aad5bdc053fb7de7d4a0d493403c49a607de8bf199325f395ee2335ed88f',NULL),(468,'RUNNING OUT OF TIME',48,'681009682','2:57',NULL,'https://cdnt-preview.dzcdn.net/api/1/1/9/7/9/0/9794ef53bacb5682107f77d6e7ad9ceb.mp3?hdnea=exp=1764921894~acl=/api/1/1/9/7/9/0/9794ef53bacb5682107f77d6e7ad9ceb.mp3*~data=user_id=0,application_id=42~hmac=5fc30203083dd9eea33c37381ff599e6d2c27e92f73400ef6cda3009c5fbaac1',NULL),(469,'NEW MAGIC WAND',48,'681009692','3:15',NULL,'https://cdnt-preview.dzcdn.net/api/1/1/4/9/8/0/498bfe694cd260b9169baec151e771e2.mp3?hdnea=exp=1764921894~acl=/api/1/1/4/9/8/0/498bfe694cd260b9169baec151e771e2.mp3*~data=user_id=0,application_id=42~hmac=2f773d98c0c2c1b281c8d70d4e962bcf0e2f4388ae84a6372a36e1feb6cf3a0a',NULL),(470,'A BOY IS A GUN*',48,'681009702','3:30',NULL,'https://cdnt-preview.dzcdn.net/api/1/1/3/e/d/0/3eda85bf39339982b88ca2416f746e8d.mp3?hdnea=exp=1764921894~acl=/api/1/1/3/e/d/0/3eda85bf39339982b88ca2416f746e8d.mp3*~data=user_id=0,application_id=42~hmac=226a9caa18bfd085cd6cb4938a9c8a3dbbeea1d877af0c9fd0ac252f3ee81d05',NULL),(471,'PUPPET',48,'681009712','2:59',NULL,'https://cdnt-preview.dzcdn.net/api/1/1/0/b/1/0/0b18740697dbd0671f669b1faeecd1e6.mp3?hdnea=exp=1764921894~acl=/api/1/1/0/b/1/0/0b18740697dbd0671f669b1faeecd1e6.mp3*~data=user_id=0,application_id=42~hmac=31df9aec5e519fc120899377a73bf0dbfa366488f90b6411724c59bed1127668',NULL),(472,'WHAT\'S GOOD',48,'681009722','3:25',NULL,'https://cdnt-preview.dzcdn.net/api/1/1/6/5/d/0/65d522d1a5319c05af7e41a036911253.mp3?hdnea=exp=1764921894~acl=/api/1/1/6/5/d/0/65d522d1a5319c05af7e41a036911253.mp3*~data=user_id=0,application_id=42~hmac=59e860bb6a9c0089ccc14926676ee99e13f6ce5cf8fc86ca71123fda3a179d60',NULL),(473,'GONE, GONE / THANK YOU',48,'681009732','6:15',NULL,'https://cdnt-preview.dzcdn.net/api/1/1/c/3/9/0/c3917bc3f3762975f744d7e11fb3d4a4.mp3?hdnea=exp=1764921894~acl=/api/1/1/c/3/9/0/c3917bc3f3762975f744d7e11fb3d4a4.mp3*~data=user_id=0,application_id=42~hmac=72d974d3b7811b545727da220052fbb6aace6e7a74b8e6a051bdc4a71826deb2',NULL),(474,'I DON\'T LOVE YOU ANYMORE',48,'681009742','2:41',NULL,'https://cdnt-preview.dzcdn.net/api/1/1/2/8/b/0/28b48cd5b07edbab88f861d25ec122b1.mp3?hdnea=exp=1764921894~acl=/api/1/1/2/8/b/0/28b48cd5b07edbab88f861d25ec122b1.mp3*~data=user_id=0,application_id=42~hmac=b5bf102acf7544eb9f9371950914fc0e7657f52c88ff65030c7dc80897474246',NULL),(475,'ARE WE STILL FRIENDS?',48,'681009752','4:25',NULL,'https://cdnt-preview.dzcdn.net/api/1/1/0/1/b/0/01b484d741b94dbe55a1d0fab242dd76.mp3?hdnea=exp=1764921894~acl=/api/1/1/0/1/b/0/01b484d741b94dbe55a1d0fab242dd76.mp3*~data=user_id=0,application_id=42~hmac=41b2fc9127b994375aa1b2fe4673a9246714c6bf76fd3f3ef2ac78d7f2956d9c',NULL),(476,'Foreword (feat. Rex Orange County)',49,'384157561','3:14',NULL,'https://cdnt-preview.dzcdn.net/api/1/1/b/0/6/0/b06de363aef12990ba151ef1ec945e1a.mp3?hdnea=exp=1764921895~acl=/api/1/1/b/0/6/0/b06de363aef12990ba151ef1ec945e1a.mp3*~data=user_id=0,application_id=42~hmac=022c8b3be12118a10d61f275c5ca9a74388a587c314c1ee60b4d61dc7a7e50ea',NULL),(477,'Where This Flower Blooms (feat. Frank Ocean)',49,'384157571','3:14',NULL,'https://cdnt-preview.dzcdn.net/api/1/1/a/5/c/0/a5cc41e799daad610e8ce6572610d2fb.mp3?hdnea=exp=1764921895~acl=/api/1/1/a/5/c/0/a5cc41e799daad610e8ce6572610d2fb.mp3*~data=user_id=0,application_id=42~hmac=563a54ca54da99940ea513a07d06d25583e94e93bced09c40d1d7882ba778cdd',NULL),(478,'Sometimes...',49,'384157581','0:36',NULL,'https://cdnt-preview.dzcdn.net/api/1/1/c/9/7/0/c9721f92846e59840e09f7f36872f8ee.mp3?hdnea=exp=1764921895~acl=/api/1/1/c/9/7/0/c9721f92846e59840e09f7f36872f8ee.mp3*~data=user_id=0,application_id=42~hmac=119d202e7ab02670f190861a35757dc63b2cee78e86a69e910bb9c8f8e17f078',NULL),(479,'See You Again (feat. Kali Uchis)',49,'384157591','3:00',NULL,'https://cdnt-preview.dzcdn.net/api/1/1/1/5/2/0/152df582229560f1ef355fab43102a1e.mp3?hdnea=exp=1764921895~acl=/api/1/1/1/5/2/0/152df582229560f1ef355fab43102a1e.mp3*~data=user_id=0,application_id=42~hmac=ac71b905eee8edbbb33d0f60088aae2c626953281f31b583d3e8cb1fd8ee7fec',NULL),(480,'Who Dat Boy (feat. A$AP Rocky)',49,'384157601','3:25',NULL,'https://cdnt-preview.dzcdn.net/api/1/1/9/e/0/0/9e0b48520ad452e7d30cc234c610d085.mp3?hdnea=exp=1764921895~acl=/api/1/1/9/e/0/0/9e0b48520ad452e7d30cc234c610d085.mp3*~data=user_id=0,application_id=42~hmac=03482556766c330c910fc6c9e7bab8d8757a0077be8cc3a748e37720947c9a25',NULL),(481,'Pothole (feat. Jaden Smith)',49,'384157611','3:57',NULL,'https://cdnt-preview.dzcdn.net/api/1/1/2/0/6/0/206d637be6f82c50cb8ec037664eb8ec.mp3?hdnea=exp=1764921895~acl=/api/1/1/2/0/6/0/206d637be6f82c50cb8ec037664eb8ec.mp3*~data=user_id=0,application_id=42~hmac=127596cf3bf97e50271d98c55e8e95144cdba9529a81d1408a3db7230fba0826',NULL),(482,'Garden Shed (feat. Estelle)',49,'384157621','3:43',NULL,'https://cdnt-preview.dzcdn.net/api/1/1/b/3/2/0/b32a264f60869181d8292e3e7cb97a32.mp3?hdnea=exp=1764921895~acl=/api/1/1/b/3/2/0/b32a264f60869181d8292e3e7cb97a32.mp3*~data=user_id=0,application_id=42~hmac=aafebce434dc5b7e75e03c2a9f277e8edffb5c6ec8d1e78ae238dfcb75ec82ff',NULL),(483,'Boredom (feat. Rex Orange County & Anna of the North)',49,'384157631','5:20',NULL,'https://cdnt-preview.dzcdn.net/api/1/1/5/2/2/0/522118ef7512623d7e6388e8e0cb5e15.mp3?hdnea=exp=1764921895~acl=/api/1/1/5/2/2/0/522118ef7512623d7e6388e8e0cb5e15.mp3*~data=user_id=0,application_id=42~hmac=5c280c287520072a104b4ad9f5f3db449ce94060478e469016d667d65c0539ac',NULL),(484,'I Ain\'t Got Time!',49,'384157641','3:26',NULL,'https://cdnt-preview.dzcdn.net/api/1/1/d/8/4/0/d84bd6c6b6f8458badb0947725bad1e1.mp3?hdnea=exp=1764921895~acl=/api/1/1/d/8/4/0/d84bd6c6b6f8458badb0947725bad1e1.mp3*~data=user_id=0,application_id=42~hmac=43c6bc8a275666745a043872f69ec2fe69e9bc3cc4ed7727dcdc4bdd68c1a394',NULL),(485,'911 / Mr. Lonely (feat. Frank Ocean & Steve Lacy)',49,'384157651','4:15',NULL,'https://cdnt-preview.dzcdn.net/api/1/1/d/b/7/0/db795df73f7818cf09b6e837449b9142.mp3?hdnea=exp=1764921895~acl=/api/1/1/d/b/7/0/db795df73f7818cf09b6e837449b9142.mp3*~data=user_id=0,application_id=42~hmac=667f9386e6eb85c3be3027d253c26c5273807942d797956b0c5f683e4a88e5ca',NULL),(486,'Droppin\' Seeds (feat. Lil\' Wayne)',49,'384157661','0:59',NULL,'https://cdnt-preview.dzcdn.net/api/1/1/b/7/6/0/b76f4d0f81dfc446ae8a9e5f81fb1f74.mp3?hdnea=exp=1764921895~acl=/api/1/1/b/7/6/0/b76f4d0f81dfc446ae8a9e5f81fb1f74.mp3*~data=user_id=0,application_id=42~hmac=675b804ed141732aae1f760e6df7c89591a2a2ad67a2071ae2aba5c5c4f270e9',NULL),(487,'November',49,'384157671','3:45',NULL,'https://cdnt-preview.dzcdn.net/api/1/1/c/2/c/0/c2c70ad149b889d3b6914e463dee28bd.mp3?hdnea=exp=1764921895~acl=/api/1/1/c/2/c/0/c2c70ad149b889d3b6914e463dee28bd.mp3*~data=user_id=0,application_id=42~hmac=c3f402e7b306cc19eb5a166453f3bd21386e135b3215d3a2d53a34ef2a9a128e',NULL),(488,'Glitter',49,'384157681','3:44',NULL,'https://cdnt-preview.dzcdn.net/api/1/1/0/2/a/0/02ab761ff77e8bd5c72d68c83b8e66f7.mp3?hdnea=exp=1764921895~acl=/api/1/1/0/2/a/0/02ab761ff77e8bd5c72d68c83b8e66f7.mp3*~data=user_id=0,application_id=42~hmac=e9c066839de5c6a918614115492e835d27c3d4c58b60025bd651d87af20c217f',NULL),(489,'Enjoy Right Now, Today',49,'384157691','3:56',NULL,'https://cdnt-preview.dzcdn.net/api/1/1/3/1/4/0/31474a3ec1a289d95f1a2b33b57881d1.mp3?hdnea=exp=1764921895~acl=/api/1/1/3/1/4/0/31474a3ec1a289d95f1a2b33b57881d1.mp3*~data=user_id=0,application_id=42~hmac=eea4534194650a0056c69c3c2b5abfaceefaddeff3d61d5fa07a4db70ada93cb',NULL),(490,'DEATHCAMP (feat. Cole Alexander)',50,'564320412','3:13',NULL,'https://cdnt-preview.dzcdn.net/api/1/1/f/8/8/0/f889421df87082d9d797f928a7b0ee15.mp3?hdnea=exp=1764921896~acl=/api/1/1/f/8/8/0/f889421df87082d9d797f928a7b0ee15.mp3*~data=user_id=0,application_id=42~hmac=4ad8a60d3374c7463cb4b047602900c0480ac01bbadc6797b0b0612ec7957b9c',NULL),(491,'BUFFALO (feat. Shane Powers)',50,'564320422','2:40',NULL,'https://cdnt-preview.dzcdn.net/api/1/1/9/9/3/0/993c8dfb886e8d4668a2aeed93dccab1.mp3?hdnea=exp=1764921896~acl=/api/1/1/9/9/3/0/993c8dfb886e8d4668a2aeed93dccab1.mp3*~data=user_id=0,application_id=42~hmac=d5026e742976a499adacaad43b93ed500e113eba7eadc3602c052fb65cc0440a',NULL),(492,'PILOT (feat. Sydney Bennett)',50,'564320432','3:29',NULL,'https://cdnt-preview.dzcdn.net/api/1/1/a/1/2/0/a124404ce8723c504d7d26313a0e24c4.mp3?hdnea=exp=1764921896~acl=/api/1/1/a/1/2/0/a124404ce8723c504d7d26313a0e24c4.mp3*~data=user_id=0,application_id=42~hmac=97aaa1752178b940ea6bf7315691686aa33eb4a7a8d750ffc6764efb1dd402c6',NULL),(493,'RUN (feat. Chaz Bundick & ScHoolboy Q)',50,'564320442','1:09',NULL,'https://cdnt-preview.dzcdn.net/api/1/1/7/5/1/0/751eb7eea550add91beb97eb4c4973c4.mp3?hdnea=exp=1764921896~acl=/api/1/1/7/5/1/0/751eb7eea550add91beb97eb4c4973c4.mp3*~data=user_id=0,application_id=42~hmac=17b54eba5ded3d18fe3c897a5a6f0bad3f1688a74a372fe9ddb3a17dba8cfaa3',NULL),(494,'FIND YOUR WINGS (feat. Roy Ayers, Sydney Bennett & Kali Uchis)',50,'564320452','2:59',NULL,'https://cdnt-preview.dzcdn.net/api/1/1/c/1/c/0/c1cd2e6bb9e5fc77be0881c0c724527b.mp3?hdnea=exp=1764921896~acl=/api/1/1/c/1/c/0/c1cd2e6bb9e5fc77be0881c0c724527b.mp3*~data=user_id=0,application_id=42~hmac=291165e55f0f2e78799c0fd845cc67c0c98f074e2e75db3de2efff29e7a04e75',NULL),(495,'CHERRY BOMB',50,'564320462','4:35',NULL,'https://cdnt-preview.dzcdn.net/api/1/1/1/0/5/0/10541e6290592c3032da8637bbe1b94e.mp3?hdnea=exp=1764921896~acl=/api/1/1/1/0/5/0/10541e6290592c3032da8637bbe1b94e.mp3*~data=user_id=0,application_id=42~hmac=def026d5551718693585a8712c2ab18695dc9198f4361a59c64bb399737579c9',NULL),(496,'BLOW MY LOAD (feat. Wanya Morris, Dâm-Funk, Austin Feinstein & Sydney Bennett)',50,'564320472','3:10',NULL,'https://cdnt-preview.dzcdn.net/api/1/1/2/e/0/0/2e065e4e8f22aa0edd487c3e2beeeb5a.mp3?hdnea=exp=1764921896~acl=/api/1/1/2/e/0/0/2e065e4e8f22aa0edd487c3e2beeeb5a.mp3*~data=user_id=0,application_id=42~hmac=200aecc70a8b63376a6eccc6e064ab7c68251899d46fe6cb48df714da5b24320',NULL),(497,'2SEATER (feat. Aaron Shaw, Samantha Nelson & Austin Feinstein)',50,'564320482','6:49',NULL,'https://cdnt-preview.dzcdn.net/api/1/1/a/3/c/0/a3ce52da603347556bd6b34011ca15da.mp3?hdnea=exp=1764921896~acl=/api/1/1/a/3/c/0/a3ce52da603347556bd6b34011ca15da.mp3*~data=user_id=0,application_id=42~hmac=2405aef5c95962487eed54562a0cc6d65deb6580ff35e1128702af7c45a98b58',NULL),(498,'THE BROWN STAINS OF DARKEESE LATIFAH PART 6-12 (REMIX) (feat. ScHoolboy Q)',50,'564320492','3:12',NULL,'https://cdnt-preview.dzcdn.net/api/1/1/2/d/c/0/2dc7d21d1e3aa3eaab23363b6fefe8e4.mp3?hdnea=exp=1764921896~acl=/api/1/1/2/d/c/0/2dc7d21d1e3aa3eaab23363b6fefe8e4.mp3*~data=user_id=0,application_id=42~hmac=7ddb2a7559b4f238d745fb530bba0b4488da3773675cdf3be6579048b9878e66',NULL),(499,'FUCKING YOUNG / PERFECT (feat. Charlie Wilson, Chaz Bundick, Sydney Bennett & Kali Uchis)',50,'564320502','6:42',NULL,'https://cdnt-preview.dzcdn.net/api/1/1/b/c/7/0/bc71961a15da34f70d99abc51a3dccd2.mp3?hdnea=exp=1764921896~acl=/api/1/1/b/c/7/0/bc71961a15da34f70d99abc51a3dccd2.mp3*~data=user_id=0,application_id=42~hmac=fbc3ed4ee2627dab8787fbe6d28d652ad2bd30d3cd505bc1ce1744eb00503468',NULL),(500,'SMUCKERS (feat. Lil Wayne & Kanye West)',50,'564320512','5:34',NULL,'https://cdnt-preview.dzcdn.net/api/1/1/c/d/e/0/cdeab65be7e2a390f5b814bd05594f2c.mp3?hdnea=exp=1764921896~acl=/api/1/1/c/d/e/0/cdeab65be7e2a390f5b814bd05594f2c.mp3*~data=user_id=0,application_id=42~hmac=b22763e449f6f6278e489b8e421998ec8b55353f8d8a9b876eb1b51428565e1c',NULL),(501,'KEEP DA O\'S (feat. Pharrell Williams & Coco O.)',50,'564320522','4:09',NULL,'https://cdnt-preview.dzcdn.net/api/1/1/d/8/5/0/d85faf678ab778ad2d4ae294e9aa7e95.mp3?hdnea=exp=1764921896~acl=/api/1/1/d/8/5/0/d85faf678ab778ad2d4ae294e9aa7e95.mp3*~data=user_id=0,application_id=42~hmac=92baa3562b4378a309df513fb36ff94d132cabbb05b012aeb69fd2ff288b0ae9',NULL),(502,'OKAGA, CA (feat. Alice Smith, Leon Ware & Clem Creevy)',50,'564320532','6:37',NULL,'https://cdnt-preview.dzcdn.net/api/1/1/f/d/4/0/fd44dc059b5bd71aa1ce1916eed1face.mp3?hdnea=exp=1764921896~acl=/api/1/1/f/d/4/0/fd44dc059b5bd71aa1ce1916eed1face.mp3*~data=user_id=0,application_id=42~hmac=36c4cc026fab472c727471a9ea250bdb4d7d2274926414a1c9e3372fa514ee35',NULL),(503,'WOLF',52,'65723677','1:50',NULL,'https://cdnt-preview.dzcdn.net/api/1/1/d/0/c/0/d0c4342e334164dded5be0127b96fc30.mp3?hdnea=exp=1764921897~acl=/api/1/1/d/0/c/0/d0c4342e334164dded5be0127b96fc30.mp3*~data=user_id=0,application_id=42~hmac=9d862c8feb2a2b4a37d47d74e186cfd9eed6a225f9fd38abc5fec8095a3e021c',NULL),(504,'Jamba (feat. Hodgy)',52,'65723678','3:32',NULL,'https://cdnt-preview.dzcdn.net/api/1/1/b/f/d/0/bfdd5d451a0b22f955eb3c7c51a5e91d.mp3?hdnea=exp=1764921897~acl=/api/1/1/b/f/d/0/bfdd5d451a0b22f955eb3c7c51a5e91d.mp3*~data=user_id=0,application_id=42~hmac=5c1083f69a9642f5af92ed2c1fac43f09bf484831b219ee4c616437609bcd447',NULL),(505,'Cowboy',52,'65723679','3:15',NULL,'https://cdnt-preview.dzcdn.net/api/1/1/3/4/c/0/34c12c09bcde13db4631643315d05c1e.mp3?hdnea=exp=1764921897~acl=/api/1/1/3/4/c/0/34c12c09bcde13db4631643315d05c1e.mp3*~data=user_id=0,application_id=42~hmac=5d0117f74e683674263a98788925231fd39584f43220c42f5d86e2e2ff18587b',NULL),(506,'Awkward',52,'65723680','3:47',NULL,'https://cdnt-preview.dzcdn.net/api/1/1/8/4/8/0/848fb55d216e85ed1d0c391485a301e2.mp3?hdnea=exp=1764921897~acl=/api/1/1/8/4/8/0/848fb55d216e85ed1d0c391485a301e2.mp3*~data=user_id=0,application_id=42~hmac=f9368790971fd0c3da373fe3e443cca6a90342db31fddcf57b9abe5a8cf5e960',NULL),(507,'Domo23',52,'65723681','2:41',NULL,'https://cdnt-preview.dzcdn.net/api/1/1/3/e/4/0/3e4bcc8ac088341c78b885c37dedf232.mp3?hdnea=exp=1764921897~acl=/api/1/1/3/e/4/0/3e4bcc8ac088341c78b885c37dedf232.mp3*~data=user_id=0,application_id=42~hmac=ab6c7fec2d142b1604b9da64de666b9bbc1c212e9e7773ff5f3728bcb9deb188',NULL),(508,'Answer',52,'65723682','3:50',NULL,'https://cdnt-preview.dzcdn.net/api/1/1/1/3/c/0/13c5d072f7a77b5f17f49e26f80ec0da.mp3?hdnea=exp=1764921897~acl=/api/1/1/1/3/c/0/13c5d072f7a77b5f17f49e26f80ec0da.mp3*~data=user_id=0,application_id=42~hmac=2a42f40e340b80101a8fb6697d168533ee0c5d8e902674e246706df877f21d49',NULL),(509,'Slater (feat. Frank Ocean)',52,'65723683','3:53',NULL,'https://cdnt-preview.dzcdn.net/api/1/1/5/d/9/0/5d99783264308f415a8dcd6ec307aede.mp3?hdnea=exp=1764921897~acl=/api/1/1/5/d/9/0/5d99783264308f415a8dcd6ec307aede.mp3*~data=user_id=0,application_id=42~hmac=5cfa365f60c4e78105ba33725d81fdfa73468e5fcd7ad57c8968c181b3662338',NULL),(510,'48',52,'65723684','4:07',NULL,'https://cdnt-preview.dzcdn.net/api/1/1/9/c/3/0/9c33dbd5d17f7b4a4fbc6a62b5cdf84a.mp3?hdnea=exp=1764921897~acl=/api/1/1/9/c/3/0/9c33dbd5d17f7b4a4fbc6a62b5cdf84a.mp3*~data=user_id=0,application_id=42~hmac=895b66617462844f53e43d65a84de73beff693a8d07c0082c6144ec7ad00fa52',NULL),(511,'Colossus',52,'65723685','3:33',NULL,'https://cdnt-preview.dzcdn.net/api/1/1/1/d/8/0/1d8ef30e505fc3fa5185ad02b2f97346.mp3?hdnea=exp=1764921897~acl=/api/1/1/1/d/8/0/1d8ef30e505fc3fa5185ad02b2f97346.mp3*~data=user_id=0,application_id=42~hmac=e72a6b2180f6ac724c89c2f9865da3d3dd36bfbf9a65663a8287d7f77f11e1d9',NULL),(512,'PartyIsntOver/Campfire/Bimmer (feat. Frank Ocean & Laetitia Sadier)',52,'65723686','7:18',NULL,'https://cdnt-preview.dzcdn.net/api/1/1/f/e/9/0/fe9b463fd9f7acd9b7c665e014516a50.mp3?hdnea=exp=1764921897~acl=/api/1/1/f/e/9/0/fe9b463fd9f7acd9b7c665e014516a50.mp3*~data=user_id=0,application_id=42~hmac=c5e950a0b4ee1404820778808b586f79a59d75665409289ee8eedf264afea49c',NULL),(513,'IFHY (feat. Pharrell)',52,'65723687','5:20',NULL,'https://cdnt-preview.dzcdn.net/api/1/1/8/1/d/0/81dc81383c912058f9a2045ab12b6768.mp3?hdnea=exp=1764921897~acl=/api/1/1/8/1/d/0/81dc81383c912058f9a2045ab12b6768.mp3*~data=user_id=0,application_id=42~hmac=61222cc59ecb2da0f3e2cd60e32645d9fcf2c4e916650709c0db05d9a7f48877',NULL),(514,'Pigs',52,'65723688','4:13',NULL,'https://cdnt-preview.dzcdn.net/api/1/1/c/2/5/0/c250c74863c9a67dde415928bd529241.mp3?hdnea=exp=1764921897~acl=/api/1/1/c/2/5/0/c250c74863c9a67dde415928bd529241.mp3*~data=user_id=0,application_id=42~hmac=105d996f51bd5b248cd3e654fe417e7e937c6314c9fbcf92987b510527cff1f9',NULL),(515,'Parking Lot (feat. Casey Veggies & Mike G)',52,'65723689','3:54',NULL,'https://cdnt-preview.dzcdn.net/api/1/1/f/c/e/0/fce4521eecdc8664317d2b3bbc0b235b.mp3?hdnea=exp=1764921897~acl=/api/1/1/f/c/e/0/fce4521eecdc8664317d2b3bbc0b235b.mp3*~data=user_id=0,application_id=42~hmac=27f913f3c06d97fe5d1831a3abe07235a992a46fe3a86eb33f4aa6c6bf595db8',NULL),(516,'Rusty (feat. Domo Genesis & Earl Sweatshirt)',52,'65723690','5:10',NULL,'https://cdnt-preview.dzcdn.net/api/1/1/a/e/d/0/aed37ebe34c7d850ebdf58ccd1cac1dd.mp3?hdnea=exp=1764921897~acl=/api/1/1/a/e/d/0/aed37ebe34c7d850ebdf58ccd1cac1dd.mp3*~data=user_id=0,application_id=42~hmac=cddd21a1d88ba8101853be9df0197441d0f9b19635be461ac7158ada7dbc948d',NULL),(517,'Trashwang (feat. Na-Kel Smith, Jasper Dolphin, Lucas, L-Boy, Taco, Left Brain & Lee Spielman)',52,'65723691','4:41',NULL,'https://cdnt-preview.dzcdn.net/api/1/1/2/8/b/0/28bfb2d6bf9390a962693197381c55f5.mp3?hdnea=exp=1764921897~acl=/api/1/1/2/8/b/0/28bfb2d6bf9390a962693197381c55f5.mp3*~data=user_id=0,application_id=42~hmac=cc6e79bc1d01800f69d925a9769f20c81022b027d9e7c410f51d899a248aed2c',NULL),(518,'Treehome95 (feat. Coco O. & Erykah Badu)',52,'65723692','3:01',NULL,'https://cdnt-preview.dzcdn.net/api/1/1/4/3/a/0/43a43c8c6555e073ec5861e3afe94e84.mp3?hdnea=exp=1764921897~acl=/api/1/1/4/3/a/0/43a43c8c6555e073ec5861e3afe94e84.mp3*~data=user_id=0,application_id=42~hmac=12a5a766c50011d43bbb1a1bed506187eabff0f63d467a67de77a0ef0a20cb81',NULL),(519,'Tamale',52,'65723693','2:46',NULL,'https://cdnt-preview.dzcdn.net/api/1/1/c/4/d/0/c4d24b3ef20ad32fa964722ee422098f.mp3?hdnea=exp=1764921897~acl=/api/1/1/c/4/d/0/c4d24b3ef20ad32fa964722ee422098f.mp3*~data=user_id=0,application_id=42~hmac=658697eadb6dfb95e08c73ecd908f22dd6c6be1389a221682bad92b394827101',NULL),(520,'Lone',52,'65723694','3:56',NULL,'https://cdnt-preview.dzcdn.net/api/1/1/f/2/6/0/f26a6a73c54c9b0f6792700aac469e9a.mp3?hdnea=exp=1764921897~acl=/api/1/1/f/2/6/0/f26a6a73c54c9b0f6792700aac469e9a.mp3*~data=user_id=0,application_id=42~hmac=6d502447b4cf63fbd8a4b1ba03f879cf3c58dd05e979498c21a246e52176cdff',NULL),(521,'Goblin',54,'12292151','6:48',NULL,'https://cdnt-preview.dzcdn.net/api/1/1/7/f/9/0/7f95cf6d72ffc7c453d668690a5485a4.mp3?hdnea=exp=1764921899~acl=/api/1/1/7/f/9/0/7f95cf6d72ffc7c453d668690a5485a4.mp3*~data=user_id=0,application_id=42~hmac=2aa2f6f43be50dfe2efa9593b353b680a10700ee78556a86a17fae8d261b7336',NULL),(522,'Yonkers',54,'12292152','4:09',NULL,'https://cdnt-preview.dzcdn.net/api/1/1/2/e/7/0/2e7c98ef50d8c703b81eff5dd1064c20.mp3?hdnea=exp=1764921899~acl=/api/1/1/2/e/7/0/2e7c98ef50d8c703b81eff5dd1064c20.mp3*~data=user_id=0,application_id=42~hmac=5f2a25eb8af46a41e2456550c049a71681cdf30a9a60c5024970b90c92d10b29',NULL),(523,'Radicals',54,'12292153','7:18',NULL,'https://cdnt-preview.dzcdn.net/api/1/1/b/c/1/0/bc18f1ea1d720641517b48e97a8b49e1.mp3?hdnea=exp=1764921899~acl=/api/1/1/b/c/1/0/bc18f1ea1d720641517b48e97a8b49e1.mp3*~data=user_id=0,application_id=42~hmac=4ade9601341628c392994bc140b52b19841e7b230253a9a0f9162081847c7924',NULL),(524,'She',54,'12292154','4:13',NULL,'https://cdnt-preview.dzcdn.net/api/1/1/d/9/9/0/d999814b9e601b222662b4e5851d23b6.mp3?hdnea=exp=1764921899~acl=/api/1/1/d/9/9/0/d999814b9e601b222662b4e5851d23b6.mp3*~data=user_id=0,application_id=42~hmac=a73e3118e76c7a5399aff9325b1f8f7a3ef5f255823c7a506a3f97464e728584',NULL),(525,'Transylvania',54,'12292155','3:12',NULL,'https://cdnt-preview.dzcdn.net/api/1/1/4/c/d/0/4cd8dfeed06ee8737cd74eaaf75ddc2b.mp3?hdnea=exp=1764921899~acl=/api/1/1/4/c/d/0/4cd8dfeed06ee8737cd74eaaf75ddc2b.mp3*~data=user_id=0,application_id=42~hmac=ed3988fe9291a7473788294e3f9dc2305db753661eb225fe1fcfbffec41b662c',NULL),(526,'Nightmare',54,'12292156','5:22',NULL,'https://cdnt-preview.dzcdn.net/api/1/1/2/d/9/0/2d93ce399b071bfa4fdd345cca1c8cfe.mp3?hdnea=exp=1764921899~acl=/api/1/1/2/d/9/0/2d93ce399b071bfa4fdd345cca1c8cfe.mp3*~data=user_id=0,application_id=42~hmac=9264f1c0be9f833130f40ccdeab9ea569f3cbbaf7919e07460fad4be1c6c3d7f',NULL),(527,'Tron Cat',54,'12292157','4:13',NULL,'https://cdnt-preview.dzcdn.net/api/1/1/6/a/9/0/6a9d263e06e0a55149ecc984c665562a.mp3?hdnea=exp=1764921899~acl=/api/1/1/6/a/9/0/6a9d263e06e0a55149ecc984c665562a.mp3*~data=user_id=0,application_id=42~hmac=8bdb25300b1b9c6f798ffec9114c3eb1c070767c96fa212356fac211cdec7ad0',NULL),(528,'Her',54,'12292158','3:31',NULL,'https://cdnt-preview.dzcdn.net/api/1/1/3/b/9/0/3b972f01d83cbcfd32c9b12b196a53bf.mp3?hdnea=exp=1764921899~acl=/api/1/1/3/b/9/0/3b972f01d83cbcfd32c9b12b196a53bf.mp3*~data=user_id=0,application_id=42~hmac=7b876b13ef4301bd7cfaa45556cf84be4feb5f51e3dd19f559750f32133259d3',NULL),(529,'Sandwitches',54,'12292159','4:51',NULL,'https://cdnt-preview.dzcdn.net/api/1/1/9/7/8/0/9786b5797c9c0cc4fbf0ede89ee94d8a.mp3?hdnea=exp=1764921899~acl=/api/1/1/9/7/8/0/9786b5797c9c0cc4fbf0ede89ee94d8a.mp3*~data=user_id=0,application_id=42~hmac=013105817bad1b27ca0bc2951657cffbdf58af916211b4e5370834f3a44d1bc9',NULL),(530,'Fish',54,'12292160','6:19',NULL,'https://cdnt-preview.dzcdn.net/api/1/1/9/6/a/0/96a9d5275609a66e59c570b6dbb3cd02.mp3?hdnea=exp=1764921899~acl=/api/1/1/9/6/a/0/96a9d5275609a66e59c570b6dbb3cd02.mp3*~data=user_id=0,application_id=42~hmac=a1f85a28d8166e5f1960d12901f0590d0158b3ee452ab828c4fa0afaf7ed739e',NULL),(531,'Analog',54,'12292161','2:54',NULL,'https://cdnt-preview.dzcdn.net/api/1/1/3/8/1/0/381c3641073aecf67a7616c0f23cea8f.mp3?hdnea=exp=1764921899~acl=/api/1/1/3/8/1/0/381c3641073aecf67a7616c0f23cea8f.mp3*~data=user_id=0,application_id=42~hmac=dbd8a7379334ac0e081e76870c75af4d6664b51194adc57152c5f77e04ba2153',NULL),(532,'B.S.D.',54,'12292162','3:36',NULL,'https://cdnt-preview.dzcdn.net/api/1/1/4/0/2/0/402f6da9bf0a1411dd1147177ece527d.mp3?hdnea=exp=1764921899~acl=/api/1/1/4/0/2/0/402f6da9bf0a1411dd1147177ece527d.mp3*~data=user_id=0,application_id=42~hmac=b19be6fe0f44c03e9a05651f489210889894f359228b79827c90de47c312306a',NULL),(533,'Window',54,'12292163','8:00',NULL,'https://cdnt-preview.dzcdn.net/api/1/1/6/3/7/0/6379c1498696906a8ae127ae5ecf7323.mp3?hdnea=exp=1764921899~acl=/api/1/1/6/3/7/0/6379c1498696906a8ae127ae5ecf7323.mp3*~data=user_id=0,application_id=42~hmac=5dcb4a1c16b9401abf15bcffea565021265cc83bc6ceee9d673e3ceed3b9c3e3',NULL),(534,'AU79',54,'12292164','3:40',NULL,'https://cdnt-preview.dzcdn.net/api/1/1/d/c/5/0/dc591d74fc989fbf20371704c04667fa.mp3?hdnea=exp=1764921899~acl=/api/1/1/d/c/5/0/dc591d74fc989fbf20371704c04667fa.mp3*~data=user_id=0,application_id=42~hmac=5237d2fa610950437763b90cd0e21776af4fb8dcbb79c1b48d1a86619ab2f9a7',NULL),(535,'Golden',54,'12292165','5:43',NULL,'https://cdnt-preview.dzcdn.net/api/1/1/d/a/f/0/dafc466577f73871dd0e2142f1cf8662.mp3?hdnea=exp=1764921899~acl=/api/1/1/d/a/f/0/dafc466577f73871dd0e2142f1cf8662.mp3*~data=user_id=0,application_id=42~hmac=e55c001178bee044028a6b0f4444ffbf547dd3e81da793b374be4bd8988de856',NULL),(536,'Burger',54,'12292166','3:49',NULL,'https://cdnt-preview.dzcdn.net/api/1/1/b/7/6/0/b76c086ebc0d88155db34f8ec51ab8c5.mp3?hdnea=exp=1764921899~acl=/api/1/1/b/7/6/0/b76c086ebc0d88155db34f8ec51ab8c5.mp3*~data=user_id=0,application_id=42~hmac=3befd95fab34a7449e2cfcaa85c77af6bf40a71ea2d2d605341399fd5490f974',NULL),(537,'Untitled 63',54,'12292167','1:06',NULL,'https://cdnt-preview.dzcdn.net/api/1/1/8/4/d/0/84dbda8fbc15c3b52f090200b9f157c2.mp3?hdnea=exp=1764921899~acl=/api/1/1/8/4/d/0/84dbda8fbc15c3b52f090200b9f157c2.mp3*~data=user_id=0,application_id=42~hmac=ccaf477c1fa465584d7b9463fd68ace0642305d9482976d2e74ca17c9c1872b2',NULL),(538,'Steak Sauce',54,'12292168','3:22',NULL,'https://cdnt-preview.dzcdn.net/api/1/1/4/b/8/0/4b845be9b22747d78f4c6e1ef2ded030.mp3?hdnea=exp=1764921899~acl=/api/1/1/4/b/8/0/4b845be9b22747d78f4c6e1ef2ded030.mp3*~data=user_id=0,application_id=42~hmac=6772fef52b87bd3ee598877b635afbfb6ebe02ba102e3a5bc4a89d3b0d0ae7f3',NULL),(539,'Whoville',55,'585408102','1:15',NULL,'https://cdnt-preview.dzcdn.net/api/1/1/6/0/e/0/60e1498c342b12a641239582f9c57d9e.mp3?hdnea=exp=1764921900~acl=/api/1/1/6/0/e/0/60e1498c342b12a641239582f9c57d9e.mp3*~data=user_id=0,application_id=42~hmac=48b7b8ecfc8ba4fd67d6cfef0bf75ab90941cd1efd6c968d26bd8f0ba92d4e4d',NULL),(540,'Lights On (feat. Ryan Beatty & Santigold)',55,'585408112','2:29',NULL,'https://cdnt-preview.dzcdn.net/api/1/1/2/8/4/0/284511fc7a73ec84cac32f2eb4308ce4.mp3?hdnea=exp=1764921900~acl=/api/1/1/2/8/4/0/284511fc7a73ec84cac32f2eb4308ce4.mp3*~data=user_id=0,application_id=42~hmac=b683db4e3170a65ea5d6f473e89d5fe8397a8ae1ba4aa4166c4c0f0a44b73172',NULL),(541,'Hot Chocolate (feat. Jerry Paper)',55,'585408122','2:12',NULL,'https://cdnt-preview.dzcdn.net/api/1/1/a/0/8/0/a089e20ff8d0a43a32dc8d41a7dd8e6c.mp3?hdnea=exp=1764921900~acl=/api/1/1/a/0/8/0/a089e20ff8d0a43a32dc8d41a7dd8e6c.mp3*~data=user_id=0,application_id=42~hmac=f91ba3a523568693be30c0ac8bdb3ed0d105928721c1c2e3a487f0a7b812a0f2',NULL),(542,'Big Bag',55,'585408132','1:26',NULL,'https://cdnt-preview.dzcdn.net/api/1/1/5/8/b/0/58b5efb8317a27012561170ffe9bb9ab.mp3?hdnea=exp=1764921900~acl=/api/1/1/5/8/b/0/58b5efb8317a27012561170ffe9bb9ab.mp3*~data=user_id=0,application_id=42~hmac=6bc3cf640d8a845bc1156905b00c349e81a35582c3a15f887866b88490a91b96',NULL),(543,'When Gloves Come Off (feat. Ryan Beatty)',55,'585408142','1:54',NULL,'https://cdnt-preview.dzcdn.net/api/1/1/b/a/5/0/ba5e7240fe9166260ea61bbbaa5c39a5.mp3?hdnea=exp=1764921900~acl=/api/1/1/b/a/5/0/ba5e7240fe9166260ea61bbbaa5c39a5.mp3*~data=user_id=0,application_id=42~hmac=0564848bbbb5108b3f3c06066967afa7d462b68ddca822ad52edd77b66cb46d4',NULL),(544,'Cindy Lou\'s Wish',55,'585408152','1:06',NULL,'https://cdnt-preview.dzcdn.net/api/1/1/0/6/7/0/0674dff8dadf0bc13b5e42b723698169.mp3?hdnea=exp=1764921900~acl=/api/1/1/0/6/7/0/0674dff8dadf0bc13b5e42b723698169.mp3*~data=user_id=0,application_id=42~hmac=1c57b9bc69f463e8e53c358f2680d40671a13d91c39bd8aed25b28f93fee8d23',NULL);
/*!40000 ALTER TABLE `chansons` ENABLE KEYS */;
UNLOCK TABLES;

--
-- Table structure for table `notes_chansons`
--

DROP TABLE IF EXISTS `notes_chansons`;
/*!40101 SET @saved_cs_client     = @@character_set_client */;
/*!50503 SET character_set_client = utf8mb4 */;
CREATE TABLE `notes_chansons` (
  `id` int NOT NULL AUTO_INCREMENT,
  `chanson_id` int NOT NULL,
  `user_id` int NOT NULL,
  `note` int NOT NULL,
  PRIMARY KEY (`id`),
  UNIQUE KEY `unique_user_chanson` (`user_id`,`chanson_id`),
  KEY `chanson_id` (`chanson_id`),
  CONSTRAINT `notes_chansons_ibfk_1` FOREIGN KEY (`chanson_id`) REFERENCES `chansons` (`id`)
) ENGINE=InnoDB AUTO_INCREMENT=73 DEFAULT CHARSET=utf8mb4 COLLATE=utf8mb4_0900_ai_ci;
/*!40101 SET character_set_client = @saved_cs_client */;

--
-- Dumping data for table `notes_chansons`
--

LOCK TABLES `notes_chansons` WRITE;
/*!40000 ALTER TABLE `notes_chansons` DISABLE KEYS */;
INSERT INTO `notes_chansons` VALUES (1,1,2,3),(2,2,2,4),(3,3,2,2),(4,8,1,4),(5,8,2,4),(6,4,5,5),(7,3,5,4),(8,2,5,4),(9,1,5,4),(12,5,5,5),(13,6,5,5),(14,7,5,5),(15,8,5,5),(16,9,5,4),(22,1,6,4),(23,2,6,4),(28,3,6,4),(30,4,6,5),(31,5,6,5),(32,6,6,5),(33,7,6,5),(34,8,6,5),(35,9,6,4),(36,440,8,5),(37,441,8,4),(38,442,8,4),(39,443,8,5),(40,444,8,5),(41,445,8,3),(43,446,8,4),(44,447,8,4),(45,448,8,5),(46,449,8,5),(47,450,8,5),(48,451,8,5),(49,452,8,4),(50,453,8,4),(51,454,8,4),(52,455,8,5),(53,456,8,4),(54,457,8,4),(55,458,8,5),(56,459,8,5),(57,460,8,4),(58,461,8,4),(59,462,8,4),(60,463,8,5),(61,10,8,4),(62,11,8,5),(63,12,8,4),(64,13,8,5),(65,14,8,5),(66,15,8,5),(67,16,8,5),(68,17,8,5),(69,18,8,5),(70,19,8,5),(71,143,8,5),(72,144,8,5);
/*!40000 ALTER TABLE `notes_chansons` ENABLE KEYS */;
UNLOCK TABLES;

--
-- Table structure for table `reviews`
--

DROP TABLE IF EXISTS `reviews`;
/*!40101 SET @saved_cs_client     = @@character_set_client */;
/*!50503 SET character_set_client = utf8mb4 */;
CREATE TABLE `reviews` (
  `id` int NOT NULL AUTO_INCREMENT,
  `user_id` int DEFAULT NULL,
  `album_id` int DEFAULT NULL,
  `rating` float(2,1) DEFAULT NULL,
  `review_text` text,
  `review_date` datetime DEFAULT CURRENT_TIMESTAMP,
  PRIMARY KEY (`id`),
  KEY `user_id` (`user_id`),
  KEY `album_id` (`album_id`),
  CONSTRAINT `reviews_ibfk_1` FOREIGN KEY (`user_id`) REFERENCES `users` (`id`),
  CONSTRAINT `reviews_ibfk_2` FOREIGN KEY (`album_id`) REFERENCES `albums` (`id`),
  CONSTRAINT `reviews_chk_1` CHECK ((`rating` between 1 and 10))
) ENGINE=InnoDB AUTO_INCREMENT=36 DEFAULT CHARSET=utf8mb4 COLLATE=utf8mb4_0900_ai_ci;
/*!40101 SET character_set_client = @saved_cs_client */;

--
-- Dumping data for table `reviews`
--

LOCK TABLES `reviews` WRITE;
/*!40000 ALTER TABLE `reviews` DISABLE KEYS */;
INSERT INTO `reviews` VALUES (16,2,4,5.0,'Masterpiece!!!','2025-11-25 14:51:41'),(19,2,10,3.5,NULL,'2025-11-26 10:36:17'),(20,2,14,5.0,'It\'s just so peak','2025-11-26 11:34:46'),(21,1,14,4.5,'So strange yet so good!!','2025-11-28 17:29:04'),(24,5,4,5.0,'blud knows his music ong fr fr','2025-12-01 18:29:26'),(25,5,14,3.0,'its aight','2025-12-01 18:40:45'),(26,5,10,1.0,'rawr','2025-12-01 18:41:20'),(27,5,6,4.5,'oh my days broski','2025-12-01 18:41:34'),(28,5,5,3.5,'这张专辑还可以。','2025-12-01 18:42:42'),(29,5,2,4.0,'pov tu marches ?‍➡️','2025-12-01 18:44:02'),(30,6,19,4.0,'omggg im in love yuno miles you so handsome','2025-12-04 23:41:40'),(33,2,46,5.0,'OOOOOH MYYYYY GOOOOOOOOD','2025-12-05 16:03:09'),(34,8,46,5.0,'Absolute Tylernema ✋??','2025-12-06 14:25:50'),(35,8,14,5.0,'▶• ılıılıılılılıılıılı. 0','2025-12-06 14:27:56');
/*!40000 ALTER TABLE `reviews` ENABLE KEYS */;
UNLOCK TABLES;

--
-- Table structure for table `users`
--

DROP TABLE IF EXISTS `users`;
/*!40101 SET @saved_cs_client     = @@character_set_client */;
/*!50503 SET character_set_client = utf8mb4 */;
CREATE TABLE `users` (
  `id` int NOT NULL AUTO_INCREMENT,
  `username` varchar(255) NOT NULL,
  `email` varchar(255) NOT NULL,
  `password` varchar(255) NOT NULL,
  `role` enum('user','admin') DEFAULT 'user',
  `can_comment` tinyint(1) DEFAULT '1',
  PRIMARY KEY (`id`),
  UNIQUE KEY `email` (`email`)
) ENGINE=InnoDB AUTO_INCREMENT=9 DEFAULT CHARSET=utf8mb4 COLLATE=utf8mb4_0900_ai_ci;
/*!40101 SET character_set_client = @saved_cs_client */;

--
-- Dumping data for table `users`
--

LOCK TABLES `users` WRITE;
/*!40000 ALTER TABLE `users` DISABLE KEYS */;
INSERT INTO `users` VALUES (1,'Mama','mama@gmail.com','$2b$10$akcdDRjMe79nJyfOygznUuRDkx9NqldyKNMbWcw9NWTm8B3p00P0u','user',1),(2,'Mathieu_Mdg','mathieu.mdg@gmail.com','$2b$10$wOt883d3jwuqIQcs4dTSLO.e5LGsKCsIj9tzTD8CcCgvLJ8WYeAaO','user',1),(3,'Bloque','bloque@gmail.com','$2b$10$T3tLAeMmKETygkia0V0PQe.aqz.xr/FyYJf0Y543y4EBFYBkKvkS2','user',0),(4,'Admin','admin@gmail.com','$2b$10$Sg22IdgGz0oJL2lcz/wtke.5y8Rsa.4HcF/Tlta2C46aSSFj.TTzS','admin',1),(5,'yohanes','yoann@gmail.com','$2b$10$c.xwWssYIPTRukcoX8eZGOpi.ObnoXNzsfdBDdgGWqTY1/KMrZW2y','user',1),(6,'yohanes admin','newadmin@gmail.com','$2b$10$eMBEKkZ.YXFtHPm4SyY6.OXs4k3nOZJme0nu8cJPWdV2R7LmlsMEK','admin',1),(8,'TylerFanNo1','ilovetyler@gmail.com','$2b$10$eHFFU9ec6WQPRNWALuF1Su8pUK09YaxovJCtT6K8hQHFRvIxmR8Ea','user',1);
/*!40000 ALTER TABLE `users` ENABLE KEYS */;
UNLOCK TABLES;
/*!40103 SET TIME_ZONE=@OLD_TIME_ZONE */;

/*!40101 SET SQL_MODE=@OLD_SQL_MODE */;
/*!40014 SET FOREIGN_KEY_CHECKS=@OLD_FOREIGN_KEY_CHECKS */;
/*!40014 SET UNIQUE_CHECKS=@OLD_UNIQUE_CHECKS */;
/*!40101 SET CHARACTER_SET_CLIENT=@OLD_CHARACTER_SET_CLIENT */;
/*!40101 SET CHARACTER_SET_RESULTS=@OLD_CHARACTER_SET_RESULTS */;
/*!40101 SET COLLATION_CONNECTION=@OLD_COLLATION_CONNECTION */;
/*!40111 SET SQL_NOTES=@OLD_SQL_NOTES */;

-- Dump completed on 2025-12-06 14:30:45
